,symbol,date,openPrice,highPrice,lowPrice,closePrice,volume,previousClose,changePercent
2216,CN,2014-04-30,24.9999,24.9999,24.9999,24.9999,100200,,
2217,CN,2014-05-01,25.14,25.22,25.139,25.16,2070,24.9999,0.006404025616102427
2218,CN,2014-05-02,25.15,25.15,25.15,25.15,265,25.16,-0.0003974562798092496
2219,CN,2014-05-05,25.0,25.0,24.94,24.94,800,25.15,-0.008349900596421378
2220,CN,2014-05-06,25.14,25.14,25.14,25.14,1036,24.94,0.00801924619085792
2221,CN,2014-05-07,25.03,25.03,24.75,24.85,4489,25.14,-0.011535401750198848
2222,CN,2014-05-08,25.0,25.0,24.81,24.84,2972,24.85,-0.0004024144869215762
2223,CN,2014-05-09,24.8,24.81,24.74,24.79,2610,24.84,-0.0020128824476650653
2224,CN,2014-05-12,24.92,25.12,24.75,25.08,51099,24.79,0.011698265429608723
2225,CN,2014-05-13,25.23,25.23,25.05,25.104,6318,25.08,0.000956937799043045
2226,CN,2014-05-14,25.67,25.67,25.19,25.2,53570,25.104,0.003824091778202643
2227,CN,2014-05-15,25.1,25.1,24.8801,24.96,10951,25.2,-0.00952380952380949
2228,CN,2014-05-16,25.06,25.25,25.06,25.25,1298,24.96,0.011618589743589647
2229,CN,2014-05-19,25.12,25.12,24.992,25.0099,392,25.25,-0.009508910891089184
2230,CN,2014-05-20,24.93,24.93,24.93,24.93,100,25.0099,-0.0031947348849854507
2231,CN,2014-05-21,25.22,25.22,25.22,25.22,102,24.93,0.011632571199358122
2232,CN,2014-05-22,25.52,25.52,25.33,25.3804,2549,25.22,0.006360031720856529
2233,CN,2014-05-23,25.5199,25.5199,25.5199,25.5199,200,25.3804,0.005496367275535485
2234,CN,2014-05-27,25.71,25.71,25.28,25.32,6128,25.5199,-0.007833102794289948
2235,CN,2014-05-28,25.65,25.65,25.46,25.46,5680,25.32,0.005529225908372792
2236,CN,2014-05-29,25.51,25.52,25.43,25.43,5100,25.46,-0.0011783189316575404
2237,CN,2014-05-30,25.72,25.72,25.43,25.47,6689,25.43,0.001572945340149401
2238,CN,2014-06-02,25.69,25.6999,25.66,25.69,2000,25.47,0.00863761287789555
2239,CN,2014-06-03,25.55,25.64,25.53,25.59,5928,25.69,-0.003892565200467213
2240,CN,2014-06-04,25.46,25.46,25.11,25.33,5502,25.59,-0.010160218835482682
2241,CN,2014-06-05,25.575,25.67,25.57,25.57,6350,25.33,0.009474930911962165
2242,CN,2014-06-06,25.57,25.57,25.57,25.57,0,25.57,0.0
2243,CN,2014-06-09,25.67,25.678,25.67,25.678,502,25.57,0.004223699648025159
2244,CN,2014-06-10,25.88,25.96,25.88,25.9586,1477,25.678,0.010927642339745969
2245,CN,2014-06-11,25.9586,25.9586,25.9586,25.9586,0,25.9586,0.0
2246,CN,2014-06-12,25.82,25.82,25.75,25.75,816,25.9586,-0.008035872504680519
2247,CN,2014-06-13,26.08,26.09,26.03,26.07,5027,25.75,0.012427184466019536
2248,CN,2014-06-16,26.11,26.11,26.03,26.05,5230,26.07,-0.0007671653241273502
2249,CN,2014-06-17,26.0,26.0299,26.0,26.0299,777,26.05,-0.0007715930902111312
2250,CN,2014-06-18,25.9276,26.12,25.9,26.12,1842,26.0299,0.003461404000783652
2251,CN,2014-06-19,25.75,25.7681,25.712,25.712,610,26.12,-0.01562021439509964
2252,CN,2014-06-20,25.78,25.78,25.76,25.76,662,25.712,0.0018668326073429942
2253,CN,2014-06-23,25.61,25.65,25.61,25.65,4990,25.76,-0.0042701863354038805
2254,CN,2014-06-24,25.7701,25.88,25.75,25.8,3740,25.65,0.005847953216374435
2255,CN,2014-06-25,25.76,25.76,25.76,25.76,100,25.8,-0.0015503875968991832
2256,CN,2014-06-26,26.09,26.09,25.99,26.0299,2100,25.76,0.010477484472049658
2257,CN,2014-06-27,26.05,26.05,26.05,26.05,162,26.0299,0.0007721889058351916
2258,CN,2014-06-30,26.23,26.24,26.22,26.22,2300,26.05,0.006525911708253229
2259,CN,2014-07-01,26.34,26.41,26.34,26.41,2500,26.22,0.007246376811594235
2260,CN,2014-07-02,26.5712,26.5712,26.5668,26.5668,600,26.41,0.0059371450208254295
2261,CN,2014-07-03,26.67,26.68,26.67,26.68,2800,26.5668,0.004260957285032507
2262,CN,2014-07-07,26.6599,26.6599,26.6599,26.6599,560,26.68,-0.0007533733133433529
2263,CN,2014-07-08,26.59,26.59,26.5499,26.5499,1844,26.6599,-0.004126046984422316
2264,CN,2014-07-09,26.31,26.4,26.31,26.39,1323,26.5499,-0.0060226215541301364
2265,CN,2014-07-10,26.19,26.19,26.16,26.18,1120,26.39,-0.007957559681697646
2266,CN,2014-07-11,26.31,26.44,26.3099,26.414,1991,26.18,0.008938120702826735
2267,CN,2014-07-14,26.74,26.74,26.7199,26.7199,1195,26.414,0.011580979783448075
2268,CN,2014-07-15,26.68,26.68,26.68,26.68,952,26.7199,-0.0014932690616357158
2269,CN,2014-07-16,26.86,26.86,26.8,26.8,2720,26.68,0.004497751124437732
2270,CN,2014-07-17,26.58,26.592,26.4399,26.46,4065,26.8,-0.012686567164179152
2271,CN,2014-07-18,26.6893,26.72,26.6893,26.72,1600,26.46,0.009826152683295453
2272,CN,2014-07-21,26.68,26.68,26.68,26.68,300,26.72,-0.0014970059880239361
2273,CN,2014-07-22,27.17,27.17,27.17,27.17,1500,26.68,0.01836581709145424
2274,CN,2014-07-23,27.3142,27.32,27.3,27.3,5000,27.17,0.004784688995215225
2275,CN,2014-07-24,27.66,27.7599,27.66,27.72,1180,27.3,0.01538461538461533
2276,CN,2014-07-25,27.63,27.99,27.63,27.96,2762,27.72,0.008658008658008809
2277,CN,2014-07-28,28.84,28.84,28.3699,28.5536,4938,27.96,0.021230329041487694
2278,CN,2014-07-29,28.63,28.74,28.6299,28.71,7436,28.5536,0.005477417908775095
2279,CN,2014-07-30,28.9,28.9,28.42,28.46,7988,28.71,-0.008707767328457017
2280,CN,2014-07-31,28.47,28.47,28.417,28.44,4129,28.46,-0.0007027406886858101
2281,CN,2014-08-01,28.4,28.4,28.4,28.4,200,28.44,-0.0014064697609001975
2282,CN,2014-08-04,28.74,28.87,28.71,28.87,3276,28.4,0.016549295774648032
2283,CN,2014-08-05,28.66,28.71,28.629,28.629,4640,28.87,-0.00834776584689989
2284,CN,2014-08-06,28.56,28.59,28.46,28.48,5749,28.629,-0.005204512906493486
2285,CN,2014-08-07,28.45,28.45,28.28,28.28,427,28.48,-0.0070224719101122934
2286,CN,2014-08-08,28.61,28.687,28.61,28.687,276,28.28,0.014391796322489325
2287,CN,2014-08-11,28.95,29.09,28.94,29.09,6207,28.687,0.014048175131592622
2288,CN,2014-08-12,28.99,29.1182,28.94,29.11,16164,29.09,0.0006875214850463607
2289,CN,2014-08-13,29.1796,29.1799,29.1796,29.1799,572,29.11,0.0024012366884231806
2290,CN,2014-08-14,28.9405,28.96,28.93,28.93,3275,29.1799,-0.008564114338979967
2291,CN,2014-08-15,29.41,29.41,29.02,29.08,2921,28.93,0.005184929139301797
2292,CN,2014-08-18,29.41,29.41,29.2801,29.31,599,29.08,0.007909215955983484
2293,CN,2014-08-19,29.48,29.48,29.31,29.36,2428,29.31,0.0017059024223815555
2294,CN,2014-08-20,29.39,29.39,29.23,29.23,6251,29.36,-0.004427792915531303
2295,CN,2014-08-21,29.33,29.33,28.95,28.95,1189,29.23,-0.009579199452617204
2296,CN,2014-08-22,28.95,28.95,28.95,28.95,108,28.95,0.0
2297,CN,2014-08-25,28.95,28.95,28.95,28.95,100,28.95,0.0
2298,CN,2014-08-26,28.8501,28.8501,28.8501,28.8501,120,28.95,-0.0034507772020724303
2299,CN,2014-08-27,28.79,28.8109,28.77,28.79,2108,28.8501,-0.00208318168741195
2300,CN,2014-08-28,28.43,28.43,28.38,28.3801,718,28.79,-0.014237582493921486
2301,CN,2014-08-29,28.6801,28.6801,28.675,28.675,800,28.3801,0.010391083893291464
2302,CN,2014-09-02,29.1204,29.1399,29.1204,29.1399,1135,28.675,0.016212728857890157
2303,CN,2014-09-03,29.79,30.0,29.74,29.74,838,29.1399,0.020593756327235146
2304,CN,2014-09-04,29.9,29.9,29.9,29.9,450,29.74,0.005379959650302579
2305,CN,2014-09-05,29.9,29.9,29.9,29.9,102,29.9,0.0
2306,CN,2014-09-08,29.81,29.81,29.81,29.81,31,29.9,-0.003010033444816096
2307,CN,2014-09-09,29.96,29.96,29.8,29.808,553,29.81,-6.709158000661741e-05
2308,CN,2014-09-10,29.55,29.55,29.46,29.46,792,29.808,-0.011674718196457268
2309,CN,2014-09-11,29.54,29.54,29.4964,29.4964,279,29.46,0.0012355736591989075
2310,CN,2014-09-12,29.5,29.5,29.4599,29.46,500,29.4964,-0.001234048900882856
2311,CN,2014-09-15,29.3,29.3,29.18,29.2,3398,29.46,-0.008825526137135165
2312,CN,2014-09-16,28.7,29.2799,28.7,29.2,2485,29.2,0.0
2313,CN,2014-09-17,29.13,29.15,29.13,29.15,1650,29.2,-0.00171232876712335
2314,CN,2014-09-18,29.16,29.16,29.16,29.16,103,29.15,0.0003430531732420139
2315,CN,2014-09-19,29.45,29.45,29.0,29.0364,684,29.16,-0.004238683127572029
2316,CN,2014-09-22,28.44,28.44,28.44,28.44,484,29.0364,-0.020539736330950076
2317,CN,2014-09-23,28.56,28.56,28.516,28.516,320,28.44,0.0026722925457101088
2318,CN,2014-09-24,29.02,29.028,29.02,29.028,250,28.516,0.017954832374807106
2319,CN,2014-09-25,29.08,29.08,28.74,28.74,1731,29.028,-0.00992145514675491
2320,CN,2014-09-26,28.66,28.9,28.66,28.9,1216,28.74,0.005567153792623625
2321,CN,2014-09-29,28.77,28.77,28.67,28.67,1047,28.9,-0.007958477508650419
2322,CN,2014-09-30,28.79,28.79,28.77,28.772,1666,28.67,0.003557725845831694
2323,CN,2014-10-01,28.2864,28.2864,28.2864,28.2864,200,28.772,-0.016877519810927222
2324,CN,2014-10-02,28.1,28.1,27.99,27.99,600,28.2864,-0.01047853385372488
2325,CN,2014-10-03,28.614,28.614,28.614,28.614,100,27.99,0.02229367631296908
2326,CN,2014-10-06,29.0,29.06,29.0,29.06,740,28.614,0.01558677570420075
2327,CN,2014-10-07,28.9401,28.9401,28.86,28.88,1500,29.06,-0.00619408121128695
2328,CN,2014-10-08,28.911,28.911,28.911,28.911,200,28.88,0.001073407202216048
2329,CN,2014-10-09,29.01,29.01,28.78,28.8,4002,28.911,-0.003839369098267098
2330,CN,2014-10-10,28.436,28.63,28.436,28.4545,8168,28.8,-0.011996527777777821
2331,CN,2014-10-13,28.69,28.75,28.66,28.75,2065,28.4545,0.010385000615017015
2332,CN,2014-10-14,28.75,28.75,28.75,28.75,2,28.75,0.0
2333,CN,2014-10-15,28.31,28.31,28.31,28.31,500,28.75,-0.015304347826087028
2334,CN,2014-10-16,28.31,28.31,28.31,28.31,0,28.31,0.0
2335,CN,2014-10-17,28.69,28.84,28.68,28.73,16108,28.31,0.014835747085835349
2336,CN,2014-10-20,28.67,28.83,28.67,28.76,16125,28.73,0.0010442046641141456
2337,CN,2014-10-21,28.72,28.85,28.72,28.85,364,28.76,0.0031293463143253764
2338,CN,2014-10-22,28.85,28.85,28.85,28.85,50,28.85,0.0
2339,CN,2014-10-23,28.6,28.6399,28.59,28.59,545,28.85,-0.00901213171577131
2340,CN,2014-10-24,28.72,28.72,28.5,28.62,1455,28.59,0.0010493179433368471
2341,CN,2014-10-27,28.44,28.44,28.18,28.27,3124,28.62,-0.012229210342417973
2342,CN,2014-10-28,29.06,29.09,28.85,29.09,10168,28.27,0.029006013441811085
2343,CN,2014-10-29,29.16,29.24,29.146,29.21,2840,29.09,0.004125128910278386
2344,CN,2014-10-30,29.4,29.4,29.4,29.4,100,29.21,0.006504621704895408
2345,CN,2014-10-31,29.77,29.77,29.7699,29.7699,400,29.4,0.012581632653061225
2346,CN,2014-11-03,29.89,29.89,29.6004,29.6328,945,29.7699,-0.004605322826076064
2347,CN,2014-11-04,29.6328,29.6328,29.6328,29.6328,0,29.6328,0.0
2348,CN,2014-11-05,29.6079,29.7,29.6079,29.6754,4415,29.6328,0.0014375961772090662
2349,CN,2014-11-06,29.6754,29.6754,29.6754,29.6754,0,29.6754,0.0
2350,CN,2014-11-07,29.54,29.57,29.54,29.5699,1246,29.6754,-0.003555133207976957
2351,CN,2014-11-10,30.23,30.23,30.01,30.052,7550,29.5699,0.016303741304502184
2352,CN,2014-11-11,29.9828,29.9828,29.93,29.95,877,30.052,-0.0033941168641021813
2353,CN,2014-11-12,30.21,30.22,30.18,30.22,1230,29.95,0.009015025041736235
2354,CN,2014-11-13,30.23,30.23,30.23,30.23,540,30.22,0.00033090668431512427
2355,CN,2014-11-14,30.8699,30.8699,30.77,30.77,500,30.23,0.01786304995038046
2356,CN,2014-11-17,30.12,30.18,30.1,30.18,2400,30.77,-0.019174520636984105
2357,CN,2014-11-18,29.9,29.93,29.8978,29.9246,4777,30.18,-0.008462557985420727
2358,CN,2014-11-19,29.9,29.9,29.725,29.725,476,29.9246,-0.006670097511746187
2359,CN,2014-11-20,29.93,29.93,29.75,29.75,1355,29.725,0.000841042893187538
2360,CN,2014-11-21,30.9101,31.0485,30.8675,31.01,5690,29.75,0.042352941176470704
2361,CN,2014-11-24,31.36,31.36,31.1,31.26,6366,31.01,0.00806191551112545
2362,CN,2014-11-25,31.54,31.65,31.37,31.4625,2283,31.26,0.006477927063339717
2363,CN,2014-11-26,32.2356,32.51,31.7104,31.7104,3601,31.4625,0.007879221295192806
2364,CN,2014-11-28,31.87,31.87,31.85,31.85,2500,31.7104,0.004402341187749181
2365,CN,2014-12-01,31.3,31.3,30.91,30.91,1756,31.85,-0.029513343799058123
2366,CN,2014-12-02,32.11,32.11,32.08,32.109,592,30.91,0.03879003558718863
2367,CN,2014-12-03,32.55,32.74,32.55,32.74,232,32.109,0.019651811018717602
2368,CN,2014-12-04,33.92,34.02,33.91,33.9288,1569,32.74,0.036310323762981156
2369,CN,2014-12-05,34.25,34.25,34.05,34.2152,15926,33.9288,0.00844120629082079
2370,CN,2014-12-08,34.62,34.97,34.3366,34.3366,3839,34.2152,0.0035481306553810654
2371,CN,2014-12-09,32.69,33.0,32.0001,32.59,13456,34.3366,-0.050867004886913536
2372,CN,2014-12-10,32.97,33.39,32.79,32.79,1915,32.59,0.006136851795029097
2373,CN,2014-12-11,33.24,33.65,33.24,33.51,3981,32.79,0.021957913998170042
2374,CN,2014-12-12,33.24,33.25,33.1499,33.15,7616,33.51,-0.0107430617726052
2375,CN,2014-12-15,33.11,33.45,32.83,33.02,4090,33.15,-0.0039215686274508554
2376,CN,2014-12-16,33.6,33.6,33.2704,33.2704,700,33.02,0.00758328285887333
2377,CN,2014-12-17,34.24,34.24,34.24,34.24,262,33.2704,0.029143022025584386
2378,CN,2014-12-18,34.36,34.41,34.08,34.13,4065,34.24,-0.0032126168224299034
2379,CN,2014-12-19,34.07,34.07,33.9742,33.9742,1723,34.13,-0.004564898915909721
2380,CN,2014-12-22,34.14,34.15,33.8801,33.9199,2772,33.9742,-0.00159827162964854
2381,CN,2014-12-23,33.66,33.66,33.0,33.04,3935,33.9199,-0.025940524588810687
2382,CN,2014-12-24,33.07,33.07,32.9,32.9499,1361,33.04,-0.002726997578692436
2383,CN,2014-12-26,33.95,34.57,33.95,34.4601,1263,32.9499,0.04583321952418662
2384,CN,2014-12-29,34.4,34.4,34.3,34.32,1337,34.4601,-0.004065571487024022
2385,CN,2014-12-30,34.13,34.38,34.13,34.2699,2450,34.32,-0.001459790209790257
2386,CN,2014-12-31,34.97,34.98,34.87,34.89,1696,34.2699,0.018094596132466112
2387,CN,2015-01-02,34.9016,34.9016,34.8801,34.8801,477,34.89,-0.000283748925193561
2388,CN,2015-01-05,34.8937,35.3,34.8937,35.2088,1076,34.8801,0.00942371151458854
2389,CN,2015-01-06,35.21,35.21,35.1438,35.1438,1435,35.2088,-0.0018461293767466636
2390,CN,2015-01-07,35.69,35.69,35.5,35.54,1507,35.1438,0.011273681275217884
2391,CN,2015-01-08,35.52,35.52,35.18,35.2101,4055,35.54,-0.00928249859313457
2392,CN,2015-01-09,34.9701,35.1399,34.97,35.1399,1632,35.2101,-0.001993746112621042
2393,CN,2015-01-12,35.4,35.4,34.7,34.7,1034,35.1399,-0.012518533063554327
2394,CN,2015-01-13,35.36,35.36,34.7,34.88,5143,34.7,0.005187319884726316
2395,CN,2015-01-14,34.62,34.62,34.62,34.62,1200,34.88,-0.0074541284403670804
2396,CN,2015-01-15,35.1701,35.36,35.1701,35.32,9962,34.62,0.02021952628538415
2397,CN,2015-01-16,34.6099,34.66,34.491,34.66,5721,35.32,-0.018686296715741846
2398,CN,2015-01-20,34.3,34.3,33.92,33.9401,18048,34.66,-0.02077034045008641
2399,CN,2015-01-21,35.03,35.22,35.03,35.2199,1642,33.9401,0.03770760840421805
2400,CN,2015-01-22,35.48,35.6789,35.46,35.6789,831,35.2199,0.013032404975596101
2401,CN,2015-01-23,35.59,35.65,35.59,35.6495,1185,35.6789,-0.0008240164354841317
2402,CN,2015-01-26,35.8148,35.8148,35.8148,35.8148,419,35.6495,0.004636811175472211
2403,CN,2015-01-27,35.44,35.44,35.1213,35.2599,3577,35.8148,-0.015493594826719526
2404,CN,2015-01-28,34.65,34.65,34.5232,34.55,2590,35.2599,-0.02013335261869731
2405,CN,2015-01-29,34.4363,34.53,34.3272,34.519,1354,34.55,-0.0008972503617944438
2406,CN,2015-01-30,33.83,34.07,33.44,33.44,4704,34.519,-0.03125814768678126
2407,CN,2015-02-02,33.8601,33.8601,33.8601,33.8601,1419,33.44,0.012562799043062345
2408,CN,2015-02-03,34.8,34.8,34.7999,34.8,1200,33.8601,0.02775833503149716
2409,CN,2015-02-04,35.49,35.5,35.2668,35.2668,1537,34.8,0.013413793103448368
2410,CN,2015-02-05,34.67,34.67,34.2152,34.3501,2605,35.2668,-0.02599328546962032
2411,CN,2015-02-06,33.53,33.53,33.52,33.5201,1219,34.3501,-0.024162957313079048
2412,CN,2015-02-09,33.6549,33.66,33.6549,33.66,357,33.5201,0.004173615233844741
2413,CN,2015-02-10,34.149,34.149,34.149,34.149,367,33.66,0.014527629233511696
2414,CN,2015-02-11,33.96,34.1,33.96,34.1,1567,34.149,-0.001434888283697866
2415,CN,2015-02-12,34.35,34.575,34.35,34.53,2042,34.1,0.012609970674486881
2416,CN,2015-02-13,34.7464,34.87,34.7464,34.87,2472,34.53,0.0098465102809151
2417,CN,2015-02-17,35.28,35.28,34.9942,35.119,1541,34.87,0.007140808718095748
2418,CN,2015-02-18,35.0095,35.011,35.0,35.011,791,35.119,-0.003075258407129966
2419,CN,2015-02-19,34.99,34.99,34.92,34.92,1936,35.011,-0.0025991831138785226
2420,CN,2015-02-20,34.9199,34.9199,34.9199,34.9199,150,34.92,-2.8636884308319566e-06
2421,CN,2015-02-23,35.0299,35.0299,34.9701,34.9701,823,34.9199,0.0014375757089797325
2422,CN,2015-02-24,35.45,35.45,35.14,35.4075,2238,34.9701,0.012507828116018915
2423,CN,2015-02-25,35.45,35.45,34.7131,34.92,2239,35.4075,-0.01376826943444176
2424,CN,2015-02-26,35.48,35.5499,35.48,35.53,1509,34.92,0.017468499427262252
2425,CN,2015-02-27,35.7,35.7,35.31,35.33,1664,35.53,-0.00562904587672397
2426,CN,2015-03-02,35.5999,35.66,35.5999,35.66,1395,35.33,0.009340503821115176
2427,CN,2015-03-03,34.89,34.89,34.88,34.88,1312,35.66,-0.02187324733595053
2428,CN,2015-03-04,34.686,34.69,34.67,34.69,2308,34.88,-0.005447247706422131
2429,CN,2015-03-05,34.72,34.73,34.6689,34.73,780,34.69,0.0011530700490054446
2430,CN,2015-03-06,34.53,34.53,34.276,34.3,2345,34.73,-0.012381226605240436
2431,CN,2015-03-09,34.81,34.91,34.81,34.89,2384,34.3,0.017201166180758065
2432,CN,2015-03-10,34.43,34.43,34.354,34.354,462,34.89,-0.015362568071080607
2433,CN,2015-03-11,34.354,34.354,34.354,34.354,45,34.354,0.0
2434,CN,2015-03-12,35.19,35.25,35.09,35.09,12590,34.354,0.021423997205565648
2435,CN,2015-03-13,35.14,35.179,35.05,35.05,4252,35.09,-0.0011399259048163746
2436,CN,2015-03-16,35.96,36.2199,35.96,36.17,2372,35.05,0.031954350927246855
2437,CN,2015-03-17,36.46,36.596,36.46,36.596,355,36.17,0.011777716339507638
2438,CN,2015-03-18,37.01,37.58,36.9599,37.4999,3571,36.596,0.024699420701715935
2439,CN,2015-03-19,37.4,37.41,37.3099,37.41,2608,37.4999,-0.0023973397262392337
2440,CN,2015-03-20,37.41,37.41,37.41,37.41,76,37.41,0.0
2441,CN,2015-03-23,38.18,38.22,38.13,38.2,4289,37.41,0.021117348302593042
2442,CN,2015-03-24,38.01,38.0899,37.95,38.0899,2733,38.2,-0.0028821989528796665
2443,CN,2015-03-25,37.93,37.94,37.7,37.7001,2300,38.0899,-0.010233683994969822
2444,CN,2015-03-26,37.71,37.71,37.71,37.71,387,37.7001,0.0002625987729476531
2445,CN,2015-03-27,38.17,38.2699,38.1157,38.2699,1184,37.71,0.014847520551577897
2446,CN,2015-03-30,39.49,39.7891,39.39,39.7891,7156,38.2699,0.03969699424351769
2447,CN,2015-03-31,38.93,39.0,38.42,38.96,852,39.7891,-0.020837365006999287
2448,CN,2015-04-01,39.74,39.8195,39.74,39.78,802,38.96,0.02104722792607805
2449,CN,2015-04-02,39.851,39.851,39.851,39.851,282,39.78,0.0017848164906988373
2450,CN,2015-04-06,40.76,40.83,40.76,40.83,686,39.851,0.024566510250683793
2451,CN,2015-04-07,41.14,41.1899,41.01,41.1899,4348,40.83,0.008814597109968236
2452,CN,2015-04-08,42.06,42.22,41.744,42.084,6687,41.1899,0.021706777632380714
2453,CN,2015-04-09,42.1,42.125,41.8048,42.061,2541,42.084,-0.0005465259956278778
2454,CN,2015-04-10,42.605,42.95,42.6,42.95,5746,42.061,0.021135969187608517
2455,CN,2015-04-13,43.4995,43.73,43.2392,43.2392,13660,42.95,0.0067334109429568745
2456,CN,2015-04-14,43.16,43.3,43.0,43.299,5072,43.2392,0.001383004310903102
2457,CN,2015-04-15,42.84,42.84,42.6195,42.75,2717,43.299,-0.012679276657659555
2458,CN,2015-04-16,43.68,44.14,43.68,44.11,3367,42.75,0.03181286549707596
2459,CN,2015-04-17,42.02,42.1801,41.94,42.17,6345,44.11,-0.04398095669916113
2460,CN,2015-04-20,43.09,43.4,43.09,43.3564,2513,42.17,0.028133744368034064
2461,CN,2015-04-21,44.92,44.93,44.35,44.3501,6399,43.3564,0.022919338321447214
2462,CN,2015-04-22,45.3601,45.81,45.3601,45.81,4274,44.3501,0.03291762589035896
2463,CN,2015-04-23,45.09,45.31,45.076,45.236,3984,45.81,-0.012530015280506568
2464,CN,2015-04-24,45.375,45.38,45.3499,45.3499,552,45.236,0.0025179060924926944
2465,CN,2015-04-27,45.99,46.06,45.92,45.9601,4222,45.3499,0.01345537696885768
2466,CN,2015-04-28,45.87,45.87,45.42,45.67,19167,45.9601,-0.006311996710189782
2467,CN,2015-04-29,45.51,45.59,45.3257,45.59,4880,45.67,-0.0017516969564265183
2468,CN,2015-04-30,45.2,45.2,45.04,45.05,1569,45.59,-0.011844702785698713
2469,CN,2015-05-01,45.0825,45.3572,45.0825,45.3572,962,45.05,0.006819089900111042
2470,CN,2015-05-04,45.22,45.73,44.4803,45.73,9350,45.3572,0.008219202243524792
2471,CN,2015-05-05,44.78,44.78,43.8705,43.9123,2691,45.73,-0.03974852394489381
2472,CN,2015-05-06,43.89,43.89,43.0,43.0092,2328,43.9123,-0.02056599176085061
2473,CN,2015-05-07,42.4501,42.7499,42.45,42.7499,4590,43.0092,-0.00602894264482956
2474,CN,2015-05-08,43.95,44.79,43.86,44.0844,1863,42.7499,0.031216447289935223
2475,CN,2015-05-11,44.61,44.8008,44.5452,44.68,23482,44.0844,0.013510448140385156
2476,CN,2015-05-12,44.66,44.74,44.44,44.72,26171,44.68,0.0008952551477170445
2477,CN,2015-05-13,44.67,44.67,44.445,44.475,24901,44.72,-0.005478533094812055
2478,CN,2015-05-14,44.7401,44.8995,44.7401,44.88,1482,44.475,0.009106239460370924
2479,CN,2015-05-15,44.44,44.58,44.44,44.5204,2795,44.88,-0.008012477718360111
2480,CN,2015-05-18,44.25,44.41,44.25,44.379,6178,44.5204,-0.0031760720927934694
2481,CN,2015-05-19,45.93,45.93,45.51,45.6972,36486,44.379,0.02970323801798158
2482,CN,2015-05-20,45.66,45.71,45.51,45.6706,5883,45.6972,-0.0005820925570932944
2483,CN,2015-05-21,46.29,46.45,46.29,46.45,5842,45.6706,0.017065683393693076
2484,CN,2015-05-22,47.35,48.48,47.35,47.8695,7826,46.45,0.03055974165769637
2485,CN,2015-05-26,50.01,50.88,48.7015,48.81,11498,47.8695,0.019647165731833338
2486,CN,2015-05-27,48.84,48.84,48.546,48.7,12920,48.81,-0.0022536365498873057
2487,CN,2015-05-28,45.55,46.35,45.55,46.35,15010,48.7,-0.04825462012320336
2488,CN,2015-05-29,46.1891,46.1891,46.04,46.0401,2900,46.35,-0.006686084142394799
2489,CN,2015-06-01,47.699,47.8899,47.699,47.8899,4113,46.0401,0.040178018727152987
2490,CN,2015-06-02,46.96,48.84,46.96,48.65,2962,47.8899,0.015871822659892842
2491,CN,2015-06-03,48.24,48.5,48.24,48.33,10626,48.65,-0.006577595066803665
2492,CN,2015-06-04,48.5604,48.5604,48.086,48.16,17065,48.33,-0.0035174839644114275
2493,CN,2015-06-05,48.16,48.23,48.15,48.15,9082,48.16,-0.00020764119601324182
2494,CN,2015-06-08,48.95,49.01,48.8654,48.91,2311,48.15,0.01578400830737281
2495,CN,2015-06-09,49.5,49.5,47.9101,48.1199,9538,48.91,-0.016154160703332532
2496,CN,2015-06-10,48.44,48.66,48.3837,48.651,6822,48.1199,0.011037013792630557
2497,CN,2015-06-11,48.96,49.12,48.94,49.0195,3519,48.651,0.007574356128342563
2498,CN,2015-06-12,49.64,49.68,49.5095,49.615,3795,49.0195,0.012148226726098832
2499,CN,2015-06-15,48.57,48.57,48.0,48.0375,3861,49.615,-0.03179482011488466
2500,CN,2015-06-16,47.0,47.0,45.76,46.92,4004,48.0375,-0.023263075722092075
2501,CN,2015-06-17,47.39,47.64,45.3588,47.64,3974,46.92,0.01534526854219953
2502,CN,2015-06-18,46.27,46.8,46.27,46.8,9940,47.64,-0.017632241813602123
2503,CN,2015-06-19,44.5,44.83,44.0,44.57,13756,46.8,-0.04764957264957259
2504,CN,2015-06-22,44.92,45.35,44.92,45.17,7014,44.57,0.01346196993493387
2505,CN,2015-06-23,45.94,46.0,45.89,46.0,2582,45.17,0.0183750276732344
2506,CN,2015-06-24,46.73,46.8401,46.2501,46.33,7685,46.0,0.007173913043478253
2507,CN,2015-06-25,45.41,45.41,44.76,44.83,3610,46.33,-0.032376429958989816
2508,CN,2015-06-26,43.87,43.87,40.74,40.82,20788,44.83,-0.08944902966763324
2509,CN,2015-06-29,40.58,40.92,40.4,40.4221,6841,40.82,-0.009747672709456201
2510,CN,2015-06-30,41.49,42.5,41.49,42.4099,7942,40.4221,0.049176069526323474
2511,CN,2015-07-01,41.49,41.49,40.99,41.1603,2465,42.4099,-0.029464818356091382
2512,CN,2015-07-02,40.37,40.38,40.12,40.12,6109,41.1603,-0.025274354171373914
2513,CN,2015-07-06,39.32,39.32,38.23,38.25,21290,40.12,-0.04661016949152541
2514,CN,2015-07-07,37.49,37.49,34.39,35.7,11995,38.25,-0.06666666666666654
2515,CN,2015-07-08,34.99,34.99,32.652,32.68,11395,35.7,-0.08459383753501404
2516,CN,2015-07-09,33.333,37.53,33.333,37.44,17548,32.68,0.1456548347613218
2517,CN,2015-07-10,39.8799,40.35,39.36,40.18,9072,37.44,0.07318376068376065
2518,CN,2015-07-13,40.59,40.73,39.65,39.65,8098,40.18,-0.013190642110502804
2519,CN,2015-07-14,39.11,39.26,39.0105,39.02,14887,39.65,-0.015889029003782973
2520,CN,2015-07-15,37.4901,37.6,37.13,37.14,6294,39.02,-0.04818042029728353
2521,CN,2015-07-16,37.88,38.936,37.88,38.9,5060,37.14,0.04738826063543344
2522,CN,2015-07-17,40.05,40.08,39.94,39.98,3080,38.9,0.027763496143958788
2523,CN,2015-07-20,39.46,39.58,39.39,39.47,4095,39.98,-0.012756378189094475
2524,CN,2015-07-21,39.98,39.98,39.788,39.83,1501,39.47,0.009120851279452724
2525,CN,2015-07-22,39.73,39.99,39.73,39.95,2414,39.83,0.003012804418779824
2526,CN,2015-07-23,41.05,41.05,40.681,40.681,1484,39.95,0.01829787234042546
2527,CN,2015-07-24,39.98,40.14,39.7037,39.72,3584,40.681,-0.023622821464565735
2528,CN,2015-07-27,36.64,36.95,36.6,36.82,3445,39.72,-0.07301107754279956
2529,CN,2015-07-28,37.17,37.375,37.0,37.37,2699,36.82,0.014937533948940818
2530,CN,2015-07-29,38.23,38.386,38.23,38.386,4538,37.37,0.027187583623227374
2531,CN,2015-07-30,37.3702,37.5084,37.3702,37.497,3787,38.386,-0.023159485228989807
2532,CN,2015-07-31,37.69,37.69,37.3188,37.3188,3596,37.497,-0.004752380190415129
2533,CN,2015-08-03,36.84,36.885,36.7278,36.8,5301,37.3188,-0.01390184035928288
2534,CN,2015-08-04,38.09,38.09,38.025,38.025,1419,36.8,0.033288043478260976
2535,CN,2015-08-05,37.72,37.83,37.72,37.83,1376,38.025,-0.00512820512820511
2536,CN,2015-08-06,37.29,37.49,37.29,37.365,3972,37.83,-0.012291831879460702
2537,CN,2015-08-07,37.9499,38.0422,37.94,38.0422,3175,37.365,0.018123912752575855
2538,CN,2015-08-10,40.12,40.12,39.59,39.8346,2212,38.0422,0.04711609738658651
2539,CN,2015-08-11,38.5205,38.61,38.27,38.61,4697,39.8346,-0.0307421186606619
2540,CN,2015-08-12,36.69,37.56,36.69,37.56,1755,38.61,-0.02719502719502709
2541,CN,2015-08-13,38.16,38.31,38.13,38.15,4382,37.56,0.015708200212992462
2542,CN,2015-08-14,38.2,38.29,38.2,38.29,220,38.15,0.003669724770642313
2543,CN,2015-08-17,38.141,38.231,38.141,38.231,3637,38.29,-0.0015408722904152183
2544,CN,2015-08-18,36.151,36.28,35.971,35.971,6237,38.231,-0.05911433130182331
2545,CN,2015-08-19,36.45,36.45,36.01,36.09,1810,35.971,0.0033082205109673524
2546,CN,2015-08-20,35.31,35.31,34.84,34.9101,1763,36.09,-0.032693266832917844
2547,CN,2015-08-21,33.89,33.89,33.421,33.46,6456,34.9101,-0.041538122205321604
2548,CN,2015-08-24,33.0,33.0001,29.5017,29.5017,4803,33.46,-0.11829946204423192
2549,CN,2015-08-25,30.7,31.1039,30.0,30.0,16658,29.5017,0.01689055206988077
2550,CN,2015-08-26,29.25,30.06,28.927,30.06,2444,30.0,0.0020000000000000018
2551,CN,2015-08-27,31.25,31.5905,31.15,31.27,1855,30.06,0.04025282767797744
2552,CN,2015-08-28,31.78,31.94,31.7501,31.9,2497,31.27,0.020147105852254432
2553,CN,2015-08-31,31.44,31.45,31.2401,31.45,2911,31.9,-0.014106583072100332
2554,CN,2015-09-01,30.07,30.215,29.5042,29.69,2071,31.45,-0.05596184419713823
2555,CN,2015-09-02,30.14,30.14,29.68,29.97,3387,29.69,0.009430784776018886
2556,CN,2015-09-03,30.62,30.62,30.28,30.28,500,29.97,0.010343677010343777
2557,CN,2015-09-04,29.675,29.675,29.18,29.18,1224,30.28,-0.03632760898282694
2558,CN,2015-09-08,30.63,31.87,30.63,31.859,1915,29.18,0.09180945853324207
2559,CN,2015-09-09,31.59,31.59,31.39,31.39,895,31.859,-0.014721114912583655
2560,CN,2015-09-10,31.74,32.0,31.74,31.94,2630,31.39,0.01752150366358718
2561,CN,2015-09-11,31.67,31.67,31.67,31.67,200,31.94,-0.008453350031308648
2562,CN,2015-09-14,30.59,30.78,30.59,30.71,903,31.67,-0.030312598673823854
2563,CN,2015-09-15,30.17,30.34,30.17,30.34,1666,30.71,-0.012048192771084376
2564,CN,2015-09-16,31.88,32.18,31.88,32.18,550,30.34,0.060646011865524097
2565,CN,2015-09-17,31.28,31.55,31.2084,31.36,5663,32.18,-0.025481665630826655
2566,CN,2015-09-18,31.248,31.248,30.94,30.94,2878,31.36,-0.013392857142857095
2567,CN,2015-09-21,31.93,31.97,31.75,31.782,6232,30.94,0.02721396250808006
2568,CN,2015-09-22,31.28,31.47,31.28,31.47,495,31.782,-0.009816877477817676
2569,CN,2015-09-23,31.3345,31.37,31.32,31.37,2100,31.47,-0.003177629488401612
2570,CN,2015-09-24,31.0016,31.25,31.0016,31.25,1692,31.37,-0.003825310806503057
2571,CN,2015-09-25,31.0824,31.0824,31.0,31.0,372,31.25,-0.008000000000000007
2572,CN,2015-09-28,30.8,30.83,30.65,30.69,600,31.0,-0.010000000000000009
2573,CN,2015-09-29,30.61,30.83,30.61,30.8,1425,30.69,0.0035842293906809264
2574,CN,2015-09-30,30.8,30.8,30.8,30.8,3,30.8,0.0
2575,CN,2015-10-01,30.8,30.8,30.8,30.8,0,30.8,0.0
2576,CN,2015-10-02,31.89,31.89,31.89,31.89,383,30.8,0.035389610389610304
2577,CN,2015-10-05,32.9321,33.03,32.91,32.98,2486,31.89,0.03417999372844149
2578,CN,2015-10-06,32.98,32.98,32.98,32.98,30,32.98,0.0
2579,CN,2015-10-07,33.68,33.68,33.6657,33.68,1550,32.98,0.02122498483929669
2580,CN,2015-10-08,33.11,33.11,32.89,32.89,1202,33.68,-0.02345605700712583
2581,CN,2015-10-09,33.3,33.37,33.3,33.37,1155,32.89,0.01459410155062324
2582,CN,2015-10-12,34.08,34.1599,34.08,34.08,947,33.37,0.02127659574468077
2583,CN,2015-10-13,34.001,34.001,33.95,33.95,1133,34.08,-0.0038145539906101478
2584,CN,2015-10-14,33.701,33.701,33.701,33.701,107,33.95,-0.0073343151693667785
2585,CN,2015-10-15,34.8105,34.8105,34.8105,34.8105,291,33.701,0.032921871754547194
2586,CN,2015-10-16,35.0,35.247,34.99,35.247,10873,34.8105,0.012539320032748824
2587,CN,2015-10-19,34.8301,34.8301,34.83,34.83,200,35.247,-0.0118307941101371
2588,CN,2015-10-20,34.83,34.83,34.83,34.83,139,34.83,0.0
2589,CN,2015-10-21,34.13,34.13,34.015,34.13,2893,34.83,-0.02009761699684165
2590,CN,2015-10-22,34.98,34.98,34.96,34.96,1816,34.13,0.024318781130969747
2591,CN,2015-10-23,36.22,36.22,36.22,36.22,382,34.96,0.03604118993134997
2592,CN,2015-10-26,35.4499,35.4499,35.4399,35.4399,1338,36.22,-0.02153782440640528
2593,CN,2015-10-27,35.238,35.36,35.19,35.2305,3620,35.4399,-0.005908594550210422
2594,CN,2015-10-28,34.98,34.98,34.9,34.9,700,35.2305,-0.009381076056258042
2595,CN,2015-10-29,34.82,34.86,34.82,34.86,250,34.9,-0.0011461318051575464
2596,CN,2015-10-30,35.04,35.04,34.94,34.955,3304,34.86,0.0027251864601260944
2597,CN,2015-11-02,34.955,34.955,34.955,34.955,3,34.955,0.0
2598,CN,2015-11-03,34.795,34.795,34.795,34.795,287,34.955,-0.004577313689028695
2599,CN,2015-11-04,36.05,36.11,36.009,36.0114,5147,34.795,0.0349590458399196
2600,CN,2015-11-05,36.41,36.41,36.28,36.28,885,36.0114,0.007458749173872681
2601,CN,2015-11-06,36.3,36.6601,36.3,36.66,4393,36.28,0.01047409040793812
2602,CN,2015-11-09,36.4,36.4,36.3401,36.3401,574,36.66,-0.008726132024004296
2603,CN,2015-11-10,36.5909,36.5909,36.5867,36.5867,468,36.3401,0.006785892168706287
2604,CN,2015-11-11,36.5867,36.5867,36.5867,36.5867,0,36.5867,0.0
2605,CN,2015-11-12,36.5867,36.5867,36.5867,36.5867,0,36.5867,0.0
2606,CN,2015-11-13,36.5867,36.5867,36.5867,36.5867,0,36.5867,0.0
2607,CN,2015-11-16,36.28,36.3,36.24,36.3,1655,36.5867,-0.007836180907269674
2608,CN,2015-11-17,36.25,36.25,36.25,36.25,203,36.3,-0.0013774104683195176
2609,CN,2015-11-18,35.83,36.25,35.83,36.25,603,36.25,0.0
2610,CN,2015-11-19,36.25,36.25,36.25,36.25,91,36.25,0.0
2611,CN,2015-11-20,36.97,37.021,36.97,37.0075,921,36.25,0.020896551724137957
2612,CN,2015-11-23,36.651,36.651,36.651,36.651,168,37.0075,-0.009633182463014145
2613,CN,2015-11-24,36.25,36.64,36.25,36.57,3298,36.651,-0.0022100351968569187
2614,CN,2015-11-25,36.87,36.87,36.855,36.855,640,36.57,0.007793273174733217
2615,CN,2015-11-27,34.97,35.24,34.94,34.94,2290,36.855,-0.0519603852937186
2616,CN,2015-11-30,35.24,35.24,35.2322,35.2322,388,34.94,0.008362907842014877
2617,CN,2015-12-01,35.67,35.72,35.655,35.655,860,35.2322,0.012000386010524444
2618,CN,2015-12-02,36.061,36.0722,36.06,36.06,941,35.655,0.011358855700462689
2619,CN,2015-12-03,35.68,35.7701,35.68,35.77,477,36.06,-0.008042151968940647
2620,CN,2015-12-04,35.64,35.9,35.64,35.9,1006,35.77,0.0036343304445063396
2621,CN,2015-12-07,35.66,35.66,35.66,35.66,300,35.9,-0.006685236768802283
2622,CN,2015-12-08,35.66,35.66,35.66,35.66,103,35.66,0.0
2623,CN,2015-12-09,35.241,35.241,35.241,35.241,303,35.66,-0.011749859786875927
2624,CN,2015-12-10,35.241,35.241,35.241,35.241,0,35.241,0.0
2625,CN,2015-12-11,34.07,34.0701,33.822,33.822,1417,35.241,-0.04026559972758992
2626,CN,2015-12-14,34.521,34.521,34.521,34.521,294,33.822,0.020667021465318403
2627,CN,2015-12-15,35.151,35.151,35.15,35.15,703,34.521,0.018220793140407254
2628,CN,2015-12-16,31.68,32.64,30.94,31.15,1386,35.15,-0.11379800853485067
2629,CN,2015-12-17,31.28,31.28,31.15,31.15,611,31.15,0.0
2630,CN,2015-12-18,31.15,31.15,31.15,31.15,0,31.15,0.0
2631,CN,2015-12-21,31.671,31.7801,31.67,31.78,1409,31.15,0.020224719101123778
2632,CN,2015-12-22,31.97,32.11,31.82,32.06,3081,31.78,0.008810572687224738
2633,CN,2015-12-23,32.041,32.045,32.041,32.045,1182,32.06,-0.00046787273861514933
2634,CN,2015-12-24,31.75,32.01,31.75,32.01,620,32.045,-0.0010922140739586528
2635,CN,2015-12-28,31.1525,31.1525,31.1525,31.1525,350,32.01,-0.0267885035926273
2636,CN,2015-12-29,31.529,31.53,31.42,31.44,7375,31.1525,0.009228793836770777
2637,CN,2015-12-30,31.2,31.2,31.1775,31.1775,270,31.44,-0.008349236641221447
2638,CN,2015-12-31,31.0144,31.08,31.01,31.01,856,31.1775,-0.005372464116750741
2639,CN,2016-01-04,28.96,28.96,28.8635,28.88,1137,31.01,-0.06868752015478885
2640,CN,2016-01-05,29.35,29.35,29.1995,29.2221,8927,28.88,0.011845567867036166
2641,CN,2016-01-06,29.0049,29.0049,28.9301,28.9301,856,29.2221,-0.00999243723072607
2642,CN,2016-01-07,27.79,28.09,27.34,27.4,3300,28.9301,-0.0528895510212547
2643,CN,2016-01-08,27.66,27.73,27.21,27.21,1971,27.4,-0.006934306569343018
2644,CN,2016-01-11,27.06,27.06,26.68,26.68,260,27.21,-0.019478133039323775
2645,CN,2016-01-12,27.171,27.2129,26.8815,26.9154,2104,26.68,0.008823088455772288
2646,CN,2016-01-13,26.9154,26.9154,26.9154,26.9154,128,26.9154,0.0
2647,CN,2016-01-14,26.88,26.9,26.88,26.9,380,26.9154,-0.0005721631482349387
2648,CN,2016-01-15,25.45,25.45,25.11,25.4228,21546,26.9,-0.05491449814126392
2649,CN,2016-01-19,26.424,26.455,26.424,26.455,836,25.4228,0.04060134996931897
2650,CN,2016-01-20,25.531,25.531,25.3,25.39,4462,26.455,-0.04025704025704013
2651,CN,2016-01-21,25.46,25.85,25.4587,25.85,512,25.39,0.018117369042930376
2652,CN,2016-01-22,26.14,26.196,26.14,26.196,1155,25.85,0.013384912959381046
2653,CN,2016-01-25,26.196,26.196,26.196,26.196,0,26.196,0.0
2654,CN,2016-01-26,26.196,26.196,26.196,26.196,20,26.196,0.0
2655,CN,2016-01-27,26.196,26.196,26.196,26.196,26,26.196,0.0
2656,CN,2016-01-28,25.0178,25.0178,24.81,24.81,770,26.196,-0.052908841044434385
2657,CN,2016-01-29,25.45,25.45,25.45,25.45,176,24.81,0.025796049979846858
2658,CN,2016-02-01,24.98,25.0,24.93,25.0,601,25.45,-0.017681728880157177
2659,CN,2016-02-02,25.08,25.1,24.9899,24.9999,690,25.0,-4.000000000004e-06
2660,CN,2016-02-03,24.84,24.84,24.84,24.84,500,24.9999,-0.0063960255841023494
2661,CN,2016-02-04,25.3,25.3,25.3,25.3,623,24.84,0.0185185185185186
2662,CN,2016-02-05,24.8915,24.8915,24.891,24.891,541,25.3,-0.016166007905138446
2663,CN,2016-02-08,24.5296,24.5296,24.33,24.33,517,24.891,-0.022538266843437404
2664,CN,2016-02-09,24.0,24.28,24.0,24.28,3330,24.33,-0.002055076037813297
2665,CN,2016-02-10,24.57,24.57,24.57,24.57,118,24.28,0.011943986820428298
2666,CN,2016-02-11,24.57,24.57,24.57,24.57,0,24.57,0.0
2667,CN,2016-02-12,24.2901,24.2901,24.29,24.29,312,24.57,-0.01139601139601143
2668,CN,2016-02-16,25.6201,25.82,25.6201,25.82,1015,24.29,0.06298888431453276
2669,CN,2016-02-17,25.82,25.82,25.82,25.82,10,25.82,0.0
2670,CN,2016-02-18,26.215,26.2236,26.2121,26.2121,566,25.82,0.015185902401239293
2671,CN,2016-02-19,26.18,26.22,26.18,26.22,823,26.2121,0.000301387527134489
2672,CN,2016-02-22,26.92,26.9579,26.92,26.9579,540,26.22,0.02814263920671234
2673,CN,2016-02-23,26.54,26.54,26.21,26.22,12476,26.9579,-0.02737231015769037
2674,CN,2016-02-24,25.99,25.99,25.99,25.99,40056,26.22,-0.00877192982456143
2675,CN,2016-02-25,25.23,25.44,25.23,25.44,3419,25.99,-0.021161985378991832
2676,CN,2016-02-26,25.83,25.83,25.83,25.83,100,25.44,0.015330188679245182
2677,CN,2016-02-29,25.5,25.52,25.48,25.52,2541,25.83,-0.012001548586914379
2678,CN,2016-03-01,25.985,26.021,25.985,26.021,731,25.52,0.019631661442006232
2679,CN,2016-03-02,26.63,26.63,26.63,26.63,106,26.021,0.02340417355213087
2680,CN,2016-03-03,26.63,26.63,26.63,26.63,0,26.63,0.0
2681,CN,2016-03-04,27.08,27.335,27.08,27.2357,1126,26.63,0.022745024408561854
2682,CN,2016-03-07,27.19,27.19,27.19,27.19,500,27.2357,-0.0016779447563308736
2683,CN,2016-03-08,26.86,26.86,26.77,26.77,218,27.19,-0.015446855461566766
2684,CN,2016-03-09,26.661,26.665,26.582,26.582,980,26.77,-0.007022786701531558
2685,CN,2016-03-10,26.582,26.582,26.582,26.582,1,26.582,0.0
2686,CN,2016-03-11,26.582,26.582,26.582,26.582,0,26.582,0.0
2687,CN,2016-03-14,27.11,27.1839,27.1,27.1839,1510,26.582,0.022643141975773107
2688,CN,2016-03-15,27.025,27.025,27.021,27.021,320,27.1839,-0.005992517629920702
2689,CN,2016-03-16,27.021,27.021,27.021,27.021,7,27.021,0.0
2690,CN,2016-03-17,27.64,28.67,27.64,27.79,1039,27.021,0.02845934643425485
2691,CN,2016-03-18,28.3399,28.34,28.3399,28.34,320,27.79,0.019791291831594116
2692,CN,2016-03-21,28.34,28.34,28.34,28.34,35,28.34,0.0
2693,CN,2016-03-22,28.34,28.34,28.34,28.34,400,28.34,0.0
2694,CN,2016-03-23,28.0687,28.0687,28.001,28.001,1566,28.34,-0.011961891319689388
2695,CN,2016-03-24,27.474,27.474,27.474,27.474,270,28.001,-0.018820756401557115
2696,CN,2016-03-28,27.474,27.474,27.474,27.474,0,27.474,0.0
2697,CN,2016-03-29,27.9904,27.9904,27.9904,27.9904,200,27.474,0.018795952536944105
2698,CN,2016-03-30,27.9904,27.9904,27.9904,27.9904,50,27.9904,0.0
2699,CN,2016-03-31,28.38,28.57,28.38,28.5,1109,27.9904,0.01820624214016231
2700,CN,2016-04-01,28.3,28.4011,28.3,28.4011,306,28.5,-0.0034701754385965122
2701,CN,2016-04-04,28.48,28.5,28.48,28.5,500,28.4011,0.003482259489949291
2702,CN,2016-04-05,28.5,28.5,28.5,28.5,36,28.5,0.0
2703,CN,2016-04-06,28.11,28.45,28.11,28.45,1683,28.5,-0.0017543859649122862
2704,CN,2016-04-07,27.97,27.971,27.97,27.971,458,28.45,-0.01683655536028117
2705,CN,2016-04-08,28.112,28.115,28.111,28.115,602,27.971,0.005148189195952835
2706,CN,2016-04-11,28.52,28.5352,28.52,28.5352,958,28.115,0.014945758491908379
2707,CN,2016-04-12,28.37,28.7101,28.37,28.67,1971,28.5352,0.004723990019344537
2708,CN,2016-04-13,29.29,29.43,29.29,29.3901,1318,28.67,0.02511684687826987
2709,CN,2016-04-14,29.312,29.312,29.311,29.311,575,29.3901,-0.00269138247232914
2710,CN,2016-04-15,29.1199,29.12,29.09,29.12,1788,29.311,-0.0065163249292073955
2711,CN,2016-04-18,29.1645,29.1645,29.142,29.142,1002,29.12,0.0007554945054943918
2712,CN,2016-04-19,29.17,29.3499,29.17,29.3499,729,29.142,0.0071340333539222645
2713,CN,2016-04-20,28.68,28.68,28.62,28.654,2952,29.3499,-0.0237104726080839
2714,CN,2016-04-21,28.5,28.5101,28.49,28.5,1163,28.654,-0.005374467788092363
2715,CN,2016-04-22,28.58,28.58,28.365,28.365,1115,28.5,-0.0047368421052632614
2716,CN,2016-04-25,28.25,28.25,28.23,28.23,300,28.365,-0.004759386567953383
2717,CN,2016-04-26,28.36,28.46,28.36,28.4,768,28.23,0.006021962451292939
2718,CN,2016-04-27,28.28,28.28,28.28,28.28,241,28.4,-0.00422535211267594
2719,CN,2016-04-28,28.28,28.28,28.28,28.28,50,28.28,0.0
2720,CN,2016-04-29,28.0,28.06,27.92,27.92,2000,28.28,-0.012729844413012725
2721,CN,2016-05-02,28.02,28.02,27.95,27.96,1310,27.92,0.0014326647564468775
2722,CN,2016-05-03,28.0,28.0,28.0,28.0,286,27.96,0.0014306151645206988
2723,CN,2016-05-04,27.74,27.78,27.649,27.649,1492,28.0,-0.012535714285714206
2724,CN,2016-05-05,27.856,27.87,27.856,27.87,327,27.649,0.00799305580672005
2725,CN,2016-05-06,27.32,27.35,27.27,27.31,1417,27.87,-0.020093290276282816
2726,CN,2016-05-09,26.94,26.94,26.7075,26.7152,1651,27.31,-0.021779567923837395
2727,CN,2016-05-10,26.86,27.111,26.86,27.11,3444,26.7152,0.014778103850991098
2728,CN,2016-05-11,26.93,26.95,26.88,26.88,2321,27.11,-0.008483954260420479
2729,CN,2016-05-12,26.88,26.88,26.88,26.88,0,26.88,0.0
2730,CN,2016-05-13,26.76,26.76,26.4799,26.4799,900,26.88,-0.014884672619047579
2731,CN,2016-05-16,26.4799,26.4799,26.4799,26.4799,70,26.4799,0.0
2732,CN,2016-05-17,26.4799,26.4799,26.4799,26.4799,0,26.4799,0.0
2733,CN,2016-05-18,26.64,26.84,26.64,26.84,572,26.4799,0.013598993953904737
2734,CN,2016-05-19,26.84,26.84,26.84,26.84,27,26.84,0.0
2735,CN,2016-05-20,26.89,26.8958,26.88,26.88,1900,26.84,0.0014903129657226621
2736,CN,2016-05-23,26.88,26.88,26.88,26.88,0,26.88,0.0
2737,CN,2016-05-24,26.88,26.88,26.88,26.88,95,26.88,0.0
2738,CN,2016-05-25,27.3,27.31,27.17,27.17,767,26.88,0.010788690476190688
2739,CN,2016-05-26,27.22,27.27,27.22,27.27,442,27.17,0.003680529996319404
2740,CN,2016-05-27,27.27,27.27,27.27,27.27,1,27.27,0.0
2741,CN,2016-05-31,28.1,28.29,28.1,28.29,3654,27.27,0.037403740374037486
2742,CN,2016-06-01,27.7201,27.9901,27.7201,27.96,790,28.29,-0.01166489925768821
2743,CN,2016-06-02,28.08,28.08,28.08,28.08,150,27.96,0.0042918454935620964
2744,CN,2016-06-03,28.16,28.25,28.16,28.25,1310,28.08,0.006054131054131107
2745,CN,2016-06-06,28.41,28.5,28.41,28.48,672,28.25,0.008141592920354102
2746,CN,2016-06-07,28.5,28.6001,28.5,28.55,2326,28.48,0.002457865168539408
2747,CN,2016-06-08,28.411,28.4201,28.411,28.4201,200,28.55,-0.004549912434325676
2748,CN,2016-06-09,28.22,28.286,28.1901,28.286,1192,28.4201,-0.004718491490177779
2749,CN,2016-06-10,27.712,27.765,27.66,27.66,991,28.286,-0.02213108958495369
2750,CN,2016-06-13,27.19,27.1948,27.034,27.034,1424,27.66,-0.022631959508315314
2751,CN,2016-06-14,27.08,27.24,27.08,27.24,740,27.034,0.007620034031220024
2752,CN,2016-06-15,27.24,27.24,27.24,27.24,0,27.24,0.0
2753,CN,2016-06-16,27.1,27.48,27.1,27.48,645,27.24,0.008810572687224738
2754,CN,2016-06-17,27.35,27.431,27.34,27.4301,3176,27.48,-0.0018158660844250774
2755,CN,2016-06-20,27.4301,27.4301,27.4301,27.4301,29,27.4301,0.0
2756,CN,2016-06-21,27.4301,27.4301,27.4301,27.4301,6,27.4301,0.0
2757,CN,2016-06-22,28.12,28.13,28.0201,28.0201,722,27.4301,0.02150921797587313
2758,CN,2016-06-23,28.0201,28.0201,28.0201,28.0201,4,28.0201,0.0
2759,CN,2016-06-24,27.4,27.401,27.25,27.25,107466,28.0201,-0.02748384195630993
2760,CN,2016-06-27,27.12,27.19,27.0105,27.0105,817,27.25,-0.00878899082568807
2761,CN,2016-06-28,27.65,27.65,27.65,27.65,172,27.0105,0.023675977860461606
2762,CN,2016-06-29,28.0999,28.0999,28.0999,28.0999,337,27.65,0.016271247739602313
2763,CN,2016-06-30,28.38,28.38,28.38,28.38,100,28.0999,0.009968007003583468
2764,CN,2016-07-01,28.4099,28.4399,28.4099,28.4399,1390,28.38,0.0021106412966878096
2765,CN,2016-07-05,28.4399,28.4399,28.4399,28.4399,103,28.4399,0.0
2766,CN,2016-07-06,28.4399,28.4399,28.4399,28.4399,33,28.4399,0.0
2767,CN,2016-07-07,28.4399,28.4399,28.4399,28.4399,50,28.4399,0.0
2768,CN,2016-07-08,28.4399,28.4399,28.4399,28.4399,88,28.4399,0.0
2769,CN,2016-07-11,28.75,28.75,28.75,28.75,698,28.4399,0.010903695160672022
2770,CN,2016-07-12,29.34,29.34,29.34,29.34,275,28.75,0.02052173913043487
2771,CN,2016-07-13,29.32,29.32,29.32,29.32,215,29.34,-0.0006816632583503957
2772,CN,2016-07-14,29.42,29.4201,29.4,29.4201,1357,29.32,0.0034140518417462573
2773,CN,2016-07-15,29.42,29.42,29.33,29.33,636,29.4201,-0.0030625320784091192
2774,CN,2016-07-18,29.3,29.3,29.3,29.3,176,29.33,-0.001022843504943638
2775,CN,2016-07-19,29.09,29.09,29.08,29.08,213,29.3,-0.007508532423208258
2776,CN,2016-07-20,29.36,29.37,29.35,29.37,334,29.08,0.009972489683631514
2777,CN,2016-07-21,29.45,29.45,29.45,29.45,190,29.37,0.0027238678924070836
2778,CN,2016-07-22,29.45,29.45,29.45,29.45,85,29.45,0.0
2779,CN,2016-07-25,29.29,29.29,29.29,29.29,112,29.45,-0.005432937181663822
2780,CN,2016-07-26,29.29,29.29,29.29,29.29,43,29.29,0.0
2781,CN,2016-07-27,29.32,29.32,29.24,29.24,343,29.29,-0.0017070672584500457
2782,CN,2016-07-28,29.24,29.24,29.24,29.24,0,29.24,0.0
2783,CN,2016-07-29,29.1,29.2225,29.1,29.2225,1363,29.24,-0.0005984952120382525
2784,CN,2016-08-01,29.045,29.045,29.045,29.045,414,29.2225,-0.0060740867482247385
2785,CN,2016-08-02,28.99,28.99,28.9501,28.9501,397,29.045,-0.0032673437768979685
2786,CN,2016-08-03,29.1,29.1,29.1,29.1,331,28.9501,0.005177875033246959
2787,CN,2016-08-04,29.1,29.1,29.1,29.1,0,29.1,0.0
2788,CN,2016-08-05,29.454,29.454,29.454,29.454,134,29.1,0.01216494845360816
2789,CN,2016-08-08,29.454,29.454,29.454,29.454,30,29.454,0.0
2790,CN,2016-08-09,29.898,29.9799,29.898,29.9799,417,29.454,0.017854960277042142
2791,CN,2016-08-10,29.9799,29.9799,29.9799,29.9799,0,29.9799,0.0
2792,CN,2016-08-11,30.05,30.156,30.04,30.15,900,29.9799,0.005673801446969495
2793,CN,2016-08-12,30.5299,30.5299,30.5299,30.5299,150,30.15,0.012600331674958554
2794,CN,2016-08-15,30.5299,30.5299,30.5299,30.5299,0,30.5299,0.0
2795,CN,2016-08-16,31.24,31.26,31.24,31.26,600,30.5299,0.023914261101412038
2796,CN,2016-08-17,31.07,31.07,30.938,30.955,922,31.26,-0.009756877799104391
2797,CN,2016-08-18,30.955,30.955,30.955,30.955,6,30.955,0.0
2798,CN,2016-08-19,30.955,30.955,30.955,30.955,65,30.955,0.0
2799,CN,2016-08-22,30.955,30.955,30.955,30.955,50,30.955,0.0
2800,CN,2016-08-23,30.955,30.955,30.955,30.955,0,30.955,0.0
2801,CN,2016-08-24,30.7401,30.7401,30.7401,30.7401,142,30.955,-0.00694233564852198
2802,CN,2016-08-25,30.45,30.5948,30.45,30.59,1129,30.7401,-0.004882872859880205
2803,CN,2016-08-26,30.59,30.59,30.59,30.59,0,30.59,0.0
2804,CN,2016-08-29,30.59,30.59,30.59,30.59,0,30.59,0.0
2805,CN,2016-08-30,30.59,30.59,30.59,30.59,44,30.59,0.0
2806,CN,2016-08-31,30.76,30.76,30.64,30.7,1516,30.59,0.0035959463877084374
2807,CN,2016-09-01,30.75,30.75,30.74,30.74,817,30.7,0.0013029315960910726
2808,CN,2016-09-02,31.09,31.09,31.06,31.09,1805,30.74,0.011385816525699477
2809,CN,2016-09-06,31.68,31.68,31.68,31.68,773,31.09,0.018977163074943793
2810,CN,2016-09-07,31.68,31.68,31.68,31.68,5,31.68,0.0
2811,CN,2016-09-08,31.68,31.68,31.68,31.68,10,31.68,0.0
2812,CN,2016-09-09,31.39,31.39,31.08,31.15,14585,31.68,-0.01672979797979801
2813,CN,2016-09-12,30.62,31.16,30.59,31.16,6067,31.15,0.0003210272873195308
2814,CN,2016-09-13,30.8001,30.8001,30.8,30.8,210,31.16,-0.011553273427471145
2815,CN,2016-09-14,30.822,30.822,30.67,30.67,300,30.8,-0.004220779220779236
2816,CN,2016-09-15,30.94,31.13,30.94,31.13,14800,30.67,0.014998369742419193
2817,CN,2016-09-16,31.13,31.13,31.13,31.13,58,31.13,0.0
2818,CN,2016-09-19,31.1,31.22,31.1,31.11,2521,31.13,-0.0006424670735624138
2819,CN,2016-09-20,31.15,31.16,31.07,31.0937,1000,31.11,-0.0005239472838316495
2820,CN,2016-09-21,31.31,31.34,31.28,31.28,2330,31.0937,0.005991567423626165
2821,CN,2016-09-22,31.74,31.799,31.72,31.799,2028,31.28,0.01659207161125309
2822,CN,2016-09-23,31.4,31.45,31.4,31.45,1480,31.799,-0.010975187898990546
2823,CN,2016-09-26,30.8499,30.86,30.78,30.79,3217,31.45,-0.020985691573926823
2824,CN,2016-09-27,31.04,31.1375,31.04,31.098,5786,30.79,0.010003247807729876
2825,CN,2016-09-28,31.1,31.2611,31.03,31.136,1420,31.098,0.0012219435333462592
2826,CN,2016-09-29,31.15,31.15,31.15,31.15,201,31.136,0.0004496402877698369
2827,CN,2016-09-30,31.19,31.19,31.19,31.19,281,31.15,0.001284109149277679
2828,CN,2016-10-03,31.11,31.11,31.101,31.104,750,31.19,-0.002757294004488653
2829,CN,2016-10-04,31.104,31.104,31.104,31.104,101,31.104,0.0
2830,CN,2016-10-05,31.406,31.4248,31.406,31.4248,412,31.104,0.010313786008230519
2831,CN,2016-10-06,31.4248,31.4248,31.4248,31.4248,0,31.4248,0.0
2832,CN,2016-10-07,31.4248,31.4248,31.4248,31.4248,99,31.4248,0.0
2833,CN,2016-10-10,31.4248,31.4248,31.4248,31.4248,0,31.4248,0.0
2834,CN,2016-10-11,31.242,31.242,31.1801,31.19,967,31.4248,-0.0074718057075939814
2835,CN,2016-10-12,31.19,31.19,31.19,31.19,4,31.19,0.0
2836,CN,2016-10-13,30.5915,30.784,30.5915,30.784,1586,31.19,-0.013016992625841661
2837,CN,2016-10-14,30.784,30.784,30.784,30.784,14,30.784,0.0
2838,CN,2016-10-17,30.64,30.8,30.64,30.7999,671,30.784,0.0005165020790021124
2839,CN,2016-10-18,30.7999,30.7999,30.7999,30.7999,1,30.7999,0.0
2840,CN,2016-10-19,31.2601,31.2601,31.2601,31.2601,240,30.7999,0.014941606953269293
2841,CN,2016-10-20,31.2601,31.2601,31.2601,31.2601,91,31.2601,0.0
2842,CN,2016-10-21,31.2601,31.2601,31.2601,31.2601,0,31.2601,0.0
2843,CN,2016-10-24,31.07,31.07,31.07,31.07,101,31.2601,-0.0060812345449950955
2844,CN,2016-10-25,31.07,31.07,31.07,31.07,4,31.07,0.0
2845,CN,2016-10-26,31.12,31.12,31.12,31.12,106,31.07,0.0016092693916962553
2846,CN,2016-10-27,31.12,31.12,31.12,31.12,0,31.12,0.0
2847,CN,2016-10-28,30.92,30.92,30.92,30.92,209,31.12,-0.006426735218509005
2848,CN,2016-10-31,30.92,30.92,30.92,30.92,10,30.92,0.0
2849,CN,2016-11-01,30.82,30.831,30.82,30.831,1407,30.92,-0.0028783958602847104
2850,CN,2016-11-02,30.831,30.831,30.831,30.831,0,30.831,0.0
2851,CN,2016-11-03,30.55,30.55,30.5315,30.5315,264,30.831,-0.00971424864584336
2852,CN,2016-11-04,30.5315,30.5315,30.5315,30.5315,0,30.5315,0.0
2853,CN,2016-11-07,30.5315,30.5315,30.5315,30.5315,63,30.5315,0.0
2854,CN,2016-11-08,30.69,31.08,30.69,31.08,766,30.5315,0.017965052486775823
2855,CN,2016-11-09,30.623,30.6998,30.54,30.5598,1135,31.08,-0.01673745173745167
2856,CN,2016-11-10,30.55,30.55,30.29,30.29,512,30.5598,-0.008828591810155828
2857,CN,2016-11-11,30.07,30.07,30.07,30.07,417,30.29,-0.007263123142951411
2858,CN,2016-11-14,30.0848,30.0848,30.0,30.0,1033,30.07,-0.002327901563019652
2859,CN,2016-11-15,30.27,30.29,30.27,30.29,201,30.0,0.009666666666666712
2860,CN,2016-11-16,30.13,30.13,30.13,30.13,111,30.29,-0.005282271376692016
2861,CN,2016-11-17,30.13,30.13,30.13,30.13,65,30.13,0.0
2862,CN,2016-11-18,30.13,30.13,30.13,30.13,0,30.13,0.0
2863,CN,2016-11-21,30.38,30.38,30.38,30.38,432,30.13,0.008297378028542912
2864,CN,2016-11-22,30.66,30.66,30.62,30.62,1089,30.38,0.007899934167215239
2865,CN,2016-11-23,30.51,30.51,30.51,30.51,590,30.62,-0.003592423252775978
2866,CN,2016-11-25,30.51,30.51,30.51,30.51,0,30.51,0.0
2867,CN,2016-11-28,30.93,31.12,30.93,31.12,2935,30.51,0.01999344477220588
2868,CN,2016-11-29,31.12,31.12,31.12,31.12,80,31.12,0.0
2869,CN,2016-11-30,31.1928,31.1928,31.1799,31.1799,253,31.12,0.0019248071979434123
2870,CN,2016-12-01,31.2,31.21,31.1311,31.16,1301,31.1799,-0.0006382316813074995
2871,CN,2016-12-02,31.16,31.16,31.16,31.16,2,31.16,0.0
2872,CN,2016-12-05,31.16,31.16,31.16,31.16,85,31.16,0.0
2873,CN,2016-12-06,30.53,30.53,30.53,30.53,176,31.16,-0.02021822849807442
2874,CN,2016-12-07,30.7983,30.85,30.7983,30.85,352,30.53,0.010481493612839898
2875,CN,2016-12-08,30.74,30.74,30.74,30.74,1874,30.85,-0.003565640194489572
2876,CN,2016-12-09,30.71,30.76,30.71,30.76,508,30.74,0.0006506180871830303
2877,CN,2016-12-12,30.39,30.39,29.9,29.9,4649,30.76,-0.027958387516255012
2878,CN,2016-12-13,30.17,30.2002,30.17,30.198,728,29.9,0.009966555183946513
2879,CN,2016-12-14,29.9644,29.9644,29.9644,29.9644,175,30.198,-0.0077356116299092115
2880,CN,2016-12-15,29.14,29.4573,29.14,29.4573,629,29.9644,-0.01692341578673362
2881,CN,2016-12-16,29.36,29.36,29.2501,29.2501,361,29.4573,-0.007033910100382568
2882,CN,2016-12-19,29.13,29.2615,29.13,29.2615,777,29.2501,0.0003897422572913811
2883,CN,2016-12-20,29.1801,29.1997,29.18,29.1997,531,29.2615,-0.002111990157715793
2884,CN,2016-12-21,29.312,29.312,29.235,29.2372,1911,29.1997,0.0012842597697921843
2885,CN,2016-12-22,29.2372,29.2372,29.2372,29.2372,91,29.2372,0.0
2886,CN,2016-12-23,28.94,28.94,28.83,28.844,1064,29.2372,-0.013448620250913201
2887,CN,2016-12-27,26.07,26.07,25.9,25.981,2867,28.844,-0.09925807793648589
2888,CN,2016-12-28,26.05,26.05,26.0,26.0,1912,25.981,0.000731303644971204
2889,CN,2016-12-29,26.27,26.27,26.25,26.266,4254,26.0,0.010230769230769265
2890,CN,2016-12-30,26.21,26.22,26.19,26.19,618,26.266,-0.002893474453666167
2891,CN,2017-01-03,26.54,26.54,26.4,26.4,920,26.19,0.008018327605956443
2892,CN,2017-01-04,26.84,26.9069,26.84,26.8871,1138,26.4,0.018450757575757537
2893,CN,2017-01-05,27.2,27.28,27.2,27.28,1489,26.8871,0.014612955655314286
2894,CN,2017-01-06,27.3,27.3,27.041,27.1,3817,27.28,-0.006598240469208205
2895,CN,2017-01-09,27.12,27.13,27.12,27.13,370,27.1,0.001107011070110575
2896,CN,2017-01-10,27.35,27.4699,27.33,27.4699,1241,27.13,0.012528566162919308
2897,CN,2017-01-11,27.39,27.39,27.22,27.27,700,27.4699,-0.0072770559776337285
2898,CN,2017-01-12,27.22,27.29,27.2,27.28,910,27.27,0.00036670333700050683
2899,CN,2017-01-13,27.34,27.41,27.34,27.41,4041,27.28,0.004765395894428037
2900,CN,2017-01-17,27.38,27.42,27.354,27.354,1320,27.41,-0.002043049981758527
2901,CN,2017-01-18,27.4775,27.4775,27.46,27.46,200,27.354,0.0038751188126051606
2902,CN,2017-01-19,27.46,27.46,27.46,27.46,94,27.46,0.0
2903,CN,2017-01-20,27.48,27.51,27.48,27.51,200,27.46,0.0018208302986162384
2904,CN,2017-01-23,27.6,27.73,27.58,27.73,743,27.51,0.007997091966557512
2905,CN,2017-01-24,27.73,27.73,27.73,27.73,59,27.73,0.0
2906,CN,2017-01-25,27.91,27.989,27.91,27.989,867,27.73,0.00934006491164796
2907,CN,2017-01-26,28.01,28.01,28.01,28.01,131,27.989,0.0007502947586552899
2908,CN,2017-01-27,27.99,28.01,27.99,28.0,2430,28.01,-0.00035701535166021703
2909,CN,2017-01-30,27.87,27.95,27.87,27.95,7110,28.0,-0.0017857142857142794
2910,CN,2017-01-31,27.96,27.97,27.96,27.97,307,27.95,0.0007155635062612298
2911,CN,2017-02-01,27.99,27.99,27.99,27.99,100,27.97,0.0007150518412584184
2912,CN,2017-02-02,28.0899,28.0899,28.026,28.026,586,27.99,0.0012861736334406348
2913,CN,2017-02-03,27.998,27.998,27.998,27.998,500,28.026,-0.0009990722900163895
2914,CN,2017-02-06,28.1,28.1,28.1,28.1,131,27.998,0.0036431173655260274
2915,CN,2017-02-07,27.96,27.96,27.95,27.9501,906,28.1,-0.005334519572953833
2916,CN,2017-02-08,27.95,27.95,27.95,27.95,28,27.9501,-3.5778047305923266e-06
2917,CN,2017-02-09,27.95,27.95,27.95,27.95,72,27.95,0.0
2918,CN,2017-02-10,28.51,28.51,28.49,28.49,9,27.95,0.01932021466905187
2919,CN,2017-02-13,28.4901,28.4901,28.4901,28.4901,86,28.49,3.5100035100654736e-06
2920,CN,2017-02-14,28.521,28.521,28.521,28.521,452,28.4901,0.0010845872776859
2921,CN,2017-02-15,28.7645,28.7645,28.7,28.75,606,28.521,0.00802917148767568
2922,CN,2017-02-16,28.93,28.93,28.8501,28.8501,779,28.75,0.0034817391304349243
2923,CN,2017-02-17,28.678,28.678,28.6621,28.6621,900,28.8501,-0.006516441884083624
2924,CN,2017-02-21,29.0,29.0699,29.0,29.03,2451,28.6621,0.012835765697558843
2925,CN,2017-02-22,29.23,29.25,29.23,29.25,286,29.03,0.00757836720633831
2926,CN,2017-02-23,29.4,29.4,29.25,29.25,1332,29.25,0.0
2927,CN,2017-02-24,29.25,29.25,29.25,29.25,0,29.25,0.0
2928,CN,2017-02-27,28.8599,28.8599,28.802,28.802,783,29.25,-0.015316239316239377
2929,CN,2017-02-28,28.9,28.9,28.8299,28.83,1135,28.802,0.000972154711478268
2930,CN,2017-03-01,28.9461,28.9461,28.9461,28.9461,118,28.83,0.004027055150884529
2931,CN,2017-03-02,28.72,28.72,28.5301,28.547,862,28.9461,-0.013787695060820004
2932,CN,2017-03-03,28.547,28.547,28.547,28.547,2,28.547,0.0
2933,CN,2017-03-06,28.547,28.547,28.547,28.547,17,28.547,0.0
2934,CN,2017-03-07,28.7401,28.7401,28.7401,28.7401,354,28.547,0.006764283462360465
2935,CN,2017-03-08,28.74,28.74,28.74,28.74,1,28.7401,-3.4794590137998682e-06
2936,CN,2017-03-09,28.74,28.74,28.74,28.74,1,28.74,0.0
2937,CN,2017-03-10,28.74,28.74,28.74,28.74,0,28.74,0.0
2938,CN,2017-03-13,28.83,28.83,28.83,28.83,398,28.74,0.0031315240083507057
2939,CN,2017-03-14,28.83,28.88,28.8101,28.82,19160,28.83,-0.0003468609087755592
2940,CN,2017-03-15,28.9,29.0,28.9,29.0,1097,28.82,0.006245662734212232
2941,CN,2017-03-16,29.0,29.0,29.0,29.0,4,29.0,0.0
2942,CN,2017-03-17,29.28,29.28,29.28,29.28,1,29.0,0.009655172413793212
2943,CN,2017-03-20,29.28,29.28,29.28,29.28,0,29.28,0.0
2944,CN,2017-03-21,29.37,29.37,29.28,29.28,8929,29.28,0.0
2945,CN,2017-03-22,29.25,29.36,29.2,29.36,1200,29.28,0.002732240437158362
2946,CN,2017-03-23,29.36,29.36,29.36,29.36,0,29.36,0.0
2947,CN,2017-03-24,29.62,29.62,29.51,29.51,606,29.36,0.005108991825613085
2948,CN,2017-03-27,29.51,29.51,29.51,29.51,7,29.51,0.0
2949,CN,2017-03-28,29.51,29.51,29.51,29.51,1,29.51,0.0
2950,CN,2017-03-29,29.35,29.3601,29.35,29.3601,727,29.51,-0.005079634022365331
2951,CN,2017-03-30,29.3601,29.3601,29.3601,29.3601,0,29.3601,0.0
2952,CN,2017-03-31,29.1,29.1,29.1,29.1,239,29.3601,-0.008858961652037922
2953,CN,2017-04-03,29.246,29.246,29.246,29.246,2,29.1,0.005017182130583997
2954,CN,2017-04-04,29.246,29.246,29.246,29.246,11,29.246,0.0
2955,CN,2017-04-05,29.246,29.246,29.246,29.246,0,29.246,0.0
2956,CN,2017-04-06,29.4901,29.4901,29.4722,29.4722,655,29.246,0.00773439102783291
2957,CN,2017-04-07,29.47,29.56,29.47,29.56,540,29.4722,0.0029790785893146765
2958,CN,2017-04-10,29.392,29.392,29.392,29.392,1,29.56,-0.0056833558863328415
2959,CN,2017-04-11,29.392,29.392,29.392,29.392,23,29.392,0.0
2960,CN,2017-04-12,29.35,29.4,29.35,29.4,306,29.392,0.00027218290691344293
2961,CN,2017-04-13,29.4,29.4,29.4,29.4,197,29.4,0.0
2962,CN,2017-04-17,29.39,29.39,29.39,29.39,124,29.4,-0.0003401360544217358
2963,CN,2017-04-18,29.05,29.05,29.0,29.0,7,29.39,-0.013269819666553273
2964,CN,2017-04-19,29.01,29.0276,29.01,29.02,913,29.0,0.0006896551724138167
2965,CN,2017-04-20,29.02,29.02,29.02,29.02,20,29.02,0.0
2966,CN,2017-04-21,29.1651,29.1797,29.1651,29.1797,458,29.02,0.00550310130944176
2967,CN,2017-04-24,29.1797,29.1797,29.1797,29.1797,207,29.1797,0.0
2968,CN,2017-04-25,29.43,29.4699,29.43,29.4539,524,29.1797,0.009396943765700216
2969,CN,2017-04-26,29.454,29.454,29.454,29.454,0,29.4539,3.3951361280148973e-06
2970,CN,2017-04-27,29.454,29.454,29.454,29.454,0,29.454,0.0
2971,CN,2017-04-28,29.53,29.53,29.53,29.53,8,29.454,0.0025802946968154217
2972,CN,2017-05-01,29.53,29.53,29.53,29.53,4,29.53,0.0
2973,CN,2017-05-02,29.57,29.57,29.57,29.57,1706,29.53,0.0013545546901456706
2974,CN,2017-05-03,29.2299,29.2299,29.2299,29.2299,552,29.57,-0.011501521812647963
2975,CN,2017-05-04,28.9899,28.9899,28.9842,28.9842,471,29.2299,-0.00840577627703143
2976,CN,2017-05-05,28.93,28.93,28.8775,28.8775,899,28.9842,-0.0036813160273528878
2977,CN,2017-05-08,28.95,28.95,28.81,28.8881,6977,28.8775,0.0003670677863387706
2978,CN,2017-05-09,29.21,29.22,29.17,29.189,1713,28.8881,0.010416053669157765
2979,CN,2017-05-10,29.19,29.24,29.18,29.24,2650,29.189,0.0017472335468839972
2980,CN,2017-05-11,29.36,29.36,29.14,29.14,1726,29.24,-0.0034199726402187602
2981,CN,2017-05-12,29.5048,29.5064,29.5048,29.5064,260,29.14,0.012573781743308032
2982,CN,2017-05-15,29.67,29.7,29.67,29.7,699,29.5064,0.006561288398449161
2983,CN,2017-05-16,29.8995,29.939,29.89,29.9375,3549,29.7,0.007996632996633002
2984,CN,2017-05-17,29.68,29.68,29.68,29.68,1050,29.9375,-0.008601252609603316
2985,CN,2017-05-18,29.3948,29.625,29.3948,29.6041,2156,29.68,-0.002557277628032373
2986,CN,2017-05-19,29.87,29.9159,29.8601,29.88,2162,29.6041,0.00931965504778054
2987,CN,2017-05-22,29.99,30.08,29.99,30.0499,2040,29.88,0.005686077643908938
2988,CN,2017-05-23,30.1,30.1,29.96,29.96,3185,30.0499,-0.00299169048815473
2989,CN,2017-05-24,29.9,29.97,29.9,29.9601,2644,29.96,3.337783711643283e-06
2990,CN,2017-05-25,30.63,30.63,30.35,30.51,13807,29.9601,0.01835441136711835
2991,CN,2017-05-26,30.53,30.53,30.4636,30.49,1200,30.51,-0.0006555227794167173
2992,CN,2017-05-30,30.42,30.5499,30.42,30.5425,1681,30.49,0.0017218760249262388
2993,CN,2017-05-31,30.66,30.66,30.421,30.421,2675,30.5425,-0.003978063354342365
2994,CN,2017-06-01,30.6,30.652,30.6,30.652,439,30.421,0.0075934387429736905
2995,CN,2017-06-02,30.62,30.62,30.62,30.62,106,30.652,-0.0010439775544826002
2996,CN,2017-06-05,30.57,30.57,30.57,30.57,245,30.62,-0.0016329196603527274
2997,CN,2017-06-06,30.65,30.8399,30.65,30.8399,5152,30.57,0.00882891723912338
2998,CN,2017-06-07,30.97,30.9799,30.921,30.921,2131,30.8399,0.002629710213068126
2999,CN,2017-06-08,31.33,31.44,31.31,31.44,1454,30.921,0.01678470942078203
3000,CN,2017-06-09,31.48,31.48,31.3499,31.3499,1401,31.44,-0.002865776081424909
3001,CN,2017-06-12,30.9,31.1,30.9,30.95,5829,31.3499,-0.012756021550308083
3002,CN,2017-06-13,31.1935,31.1935,31.15,31.17,1911,30.95,0.007108239095314994
3003,CN,2017-06-14,31.17,31.17,31.061,31.0799,5461,31.17,-0.002890599935835847
3004,CN,2017-06-15,30.64,30.66,30.64,30.66,664,31.0799,-0.013510339479856692
3005,CN,2017-06-16,30.63,30.63,30.63,30.63,420,30.66,-0.0009784735812133905
3006,CN,2017-06-19,31.12,31.2,31.1,31.2,2179,30.63,0.0186092066601371
3007,CN,2017-06-20,31.1,31.1,30.9771,30.98,1949,31.2,-0.007051282051282026
3008,CN,2017-06-21,31.1901,31.1901,31.1901,31.1901,265,30.98,0.0067817947062620565
3009,CN,2017-06-22,31.4,31.4,31.3,31.371,2343,31.1901,0.005799917281444911
3010,CN,2017-06-23,31.47,31.495,31.43,31.495,1008,31.371,0.003952695164323838
3011,CN,2017-06-26,31.86,31.86,31.69,31.815,3385,31.495,0.010160342911573306
3012,CN,2017-06-27,31.75,31.75,31.6399,31.6399,1901,31.815,-0.005503693226465489
3013,CN,2017-06-28,31.615,31.74,31.615,31.74,1472,31.6399,0.0031637268132957974
3014,CN,2017-06-29,31.74,31.74,31.42,31.452,1941,31.74,-0.009073724007561346
3015,CN,2017-06-30,31.69,31.74,31.61,31.726,7265,31.452,0.008711687651023592
3016,CN,2017-07-03,32.0,32.0,31.685,31.705,1245,31.726,-0.0006619176700498608
3017,CN,2017-07-05,31.6056,31.71,31.6056,31.71,2086,31.705,0.00015770383220314876
3018,CN,2017-07-06,31.51,31.56,31.4699,31.4699,3731,31.71,-0.0075717439293598865
3019,CN,2017-07-07,31.446,31.56,31.446,31.53,1564,31.4699,0.0019097613910434852
3020,CN,2017-07-10,31.24,31.61,31.24,31.57,2301,31.53,0.0012686330478908214
3021,CN,2017-07-11,32.0,32.04,31.88,32.04,1965,31.57,0.014887551472917204
3022,CN,2017-07-12,32.2416,32.426,32.2416,32.426,4096,32.04,0.012047440699126222
3023,CN,2017-07-13,32.48,32.48,32.45,32.47,1005,32.426,0.001356935792265368
3024,CN,2017-07-14,32.78,32.92,32.7711,32.91,9892,32.47,0.013550970126270379
3025,CN,2017-07-17,32.64,32.64,32.458,32.5,5574,32.91,-0.012458219386204727
3026,CN,2017-07-18,32.5,32.63,32.485,32.63,2307,32.5,0.0040000000000000036
3027,CN,2017-07-19,33.102,33.175,33.102,33.175,2270,32.63,0.01670242108489095
3028,CN,2017-07-20,33.29,33.29,33.1573,33.1573,2410,33.175,-0.0005335342878672877
3029,CN,2017-07-21,33.13,33.13,33.058,33.12,4260,33.1573,-0.0011249408124305305
3030,CN,2017-07-24,33.33,33.33,33.25,33.268,1069,33.12,0.004468599033816467
3031,CN,2017-07-25,33.3,33.3,33.1965,33.1965,2842,33.268,-0.0021492124564145287
3032,CN,2017-07-26,33.05,33.29,33.05,33.29,952,33.1965,0.002816561986956456
3033,CN,2017-07-27,33.54,33.58,33.23,33.25,3112,33.29,-0.0012015620306398134
3034,CN,2017-07-28,33.57,33.646,33.42,33.646,1237,33.25,0.011909774436090315
3035,CN,2017-07-31,33.99,33.99,33.8,33.85,5622,33.646,0.006063127860666873
3036,CN,2017-08-01,34.28,34.28,34.0201,34.11,18100,33.85,0.007680945347119605
3037,CN,2017-08-02,34.07,34.07,33.77,33.8582,3744,34.11,-0.0073819994136617995
3038,CN,2017-08-03,33.659,33.78,33.6384,33.75,2193,33.8582,-0.0031956808099661282
3039,CN,2017-08-04,33.77,33.77,33.6769,33.72,7053,33.75,-0.000888888888888939
3040,CN,2017-08-07,34.01,34.06,33.91,34.06,6424,33.72,0.010083036773428367
3041,CN,2017-08-08,34.26,34.39,34.26,34.31,9849,34.06,0.007339988256018781
3042,CN,2017-08-09,34.27,34.31,34.1184,34.31,12513,34.31,0.0
3043,CN,2017-08-10,34.0,34.0,33.45,33.45,18996,34.31,-0.02506557854852809
3044,CN,2017-08-11,33.13,33.198,33.05,33.198,2940,33.45,-0.007533632286995551
3045,CN,2017-08-14,33.71,33.71,33.605,33.69,1551,33.198,0.014820169889752322
3046,CN,2017-08-15,33.69,33.69,33.57,33.59,7057,33.69,-0.0029682398337783633
3047,CN,2017-08-16,33.95,34.0592,33.95,34.01,7904,33.59,0.012503721345638485
3048,CN,2017-08-17,34.09,34.09,33.84,33.84,869,34.01,-0.004998529844163269
3049,CN,2017-08-18,33.84,33.84,33.84,33.84,27,33.84,0.0
3050,CN,2017-08-21,34.07,34.2324,34.07,34.2272,16826,33.84,0.011442080378250674
3051,CN,2017-08-22,34.44,34.59,34.39,34.53,10186,34.2272,0.008846765145848812
3052,CN,2017-08-23,34.43,34.66,34.43,34.63,5620,34.53,0.002896032435563356
3053,CN,2017-08-24,34.58,34.58,34.5,34.54,1468,34.63,-0.0025989026855328667
3054,CN,2017-08-25,35.02,35.0924,34.9611,35.0,1513,34.54,0.013317892298783995
3055,CN,2017-08-28,35.39,35.39,35.06,35.15,61820,35.0,0.004285714285714226
3056,CN,2017-08-29,35.05,35.21,34.91,35.16,18318,35.15,0.00028449502133698346
3057,CN,2017-08-30,35.21,35.33,35.1972,35.29,10960,35.16,0.0036973833902163022
3058,CN,2017-08-31,35.36,35.4358,35.3,35.39,19385,35.29,0.0028336639274582076
3059,CN,2017-09-01,35.54,35.61,35.4372,35.6,16958,35.39,0.005933879627013194
3060,CN,2017-09-05,35.53,35.59,35.3146,35.4037,26375,35.6,-0.00551404494382024
3061,CN,2017-09-06,35.55,35.56,35.4201,35.52,67617,35.4037,0.003284967390414062
3062,CN,2017-09-07,35.68,35.68,35.5327,35.6612,69096,35.52,0.0039752252252251985
3063,CN,2017-09-08,35.79,35.79,35.49,35.49,35750,35.6612,-0.00480073581371343
3064,CN,2017-09-11,35.8,35.9,35.7249,35.84,34776,35.49,0.009861932938856066
3065,CN,2017-09-12,35.86,35.98,35.84,35.96,11803,35.84,0.0033482142857141906
3066,CN,2017-09-13,35.95,36.02,35.925,35.98,21026,35.96,0.0005561735261401246
3067,CN,2017-09-14,35.89,35.91,35.79,35.82,8858,35.98,-0.004446914952751402
3068,CN,2017-09-15,35.97,36.08,35.9,36.068,28198,35.82,0.006923506420993819
3069,CN,2017-09-18,36.24,36.31,36.2014,36.31,18384,36.068,0.006709548630364992
3070,CN,2017-09-19,36.22,36.22,36.1,36.17,13865,36.31,-0.003855687138529351
3071,CN,2017-09-20,36.41,36.41,36.17,36.26,15597,36.17,0.002488249930881814
3072,CN,2017-09-21,36.239,36.289,36.15,36.2298,10344,36.26,-0.0008328736900166112
3073,CN,2017-09-22,36.09,36.09,35.97,36.0,17831,36.2298,-0.0063428448404351245
3074,CN,2017-09-25,35.56,35.56,35.0,35.07,36660,36.0,-0.025833333333333375
3075,CN,2017-09-26,35.43,35.43,35.16,35.22,12086,35.07,0.004277159965782706
3076,CN,2017-09-27,35.4,35.4,35.27,35.3808,12333,35.22,0.004565587734241872
3077,CN,2017-09-28,35.2,35.28,35.095,35.1866,10098,35.3808,-0.005488852711075021
3078,CN,2017-09-29,35.35,35.62,35.35,35.605,8870,35.1866,0.011890890282096
3079,CN,2017-10-02,35.82,35.88,35.7414,35.76,14791,35.605,0.004353321162757995
3080,CN,2017-10-03,36.34,36.55,36.34,36.55,22422,35.76,0.0220917225950783
3081,CN,2017-10-04,36.64,36.68,36.58,36.63,7884,36.55,0.002188782489740193
3082,CN,2017-10-05,36.719,36.874,36.68,36.86,15146,36.63,0.006279006279006127
3083,CN,2017-10-06,36.71,36.76,36.61,36.7346,7663,36.86,-0.0034020618556700466
3084,CN,2017-10-09,36.41,36.64,36.41,36.63,12083,36.7346,-0.002847451721265437
3085,CN,2017-10-10,36.73,37.05,36.73,36.99,289034,36.63,0.00982800982800991
3086,CN,2017-10-11,36.82,36.94,36.8,36.935,12525,36.99,-0.0014868883482022088
3087,CN,2017-10-12,36.95,36.95,36.835,36.85,81036,36.935,-0.002301340192229606
3088,CN,2017-10-13,36.99,37.15,36.99,37.088,4711,36.85,0.006458616010854845
3089,CN,2017-10-16,37.0,37.0911,37.0,37.09,12172,37.088,5.392579810181708e-05
3090,CN,2017-10-17,37.0,37.0,36.79,36.8278,8678,37.09,-0.007069290913992998
3091,CN,2017-10-18,37.05,37.169,36.9574,37.12,15171,36.8278,0.0079342236028217
3092,CN,2017-10-19,36.6,36.6,36.4201,36.552,13537,37.12,-0.015301724137930961
3093,CN,2017-10-20,36.7602,36.8397,36.754,36.77,4379,36.552,0.005964105931276054
3094,CN,2017-10-23,36.8,36.8,36.511,36.511,11932,36.77,-0.007043785694859972
3095,CN,2017-10-24,36.55,36.779,36.55,36.66,10730,36.511,0.004080961901892444
3096,CN,2017-10-25,36.859,36.859,36.4,36.61,9255,36.66,-0.0013638843426077019
3097,CN,2017-10-26,36.7601,36.8193,36.6663,36.6663,5484,36.61,0.0015378311936629085
3098,CN,2017-10-27,36.749,37.0,36.7346,37.0,7039,36.6663,0.009101000100910195
3099,CN,2017-10-30,36.68,36.7765,36.55,36.7,17370,37.0,-0.008108108108108025
3100,CN,2017-10-31,36.8256,37.0,36.8256,37.0,10119,36.7,0.008174386920980936
3101,CN,2017-11-01,37.27,37.27,37.14,37.18,8098,37.0,0.004864864864864815
3102,CN,2017-11-02,37.1,37.14,37.04,37.0875,3683,37.18,-0.002487896718666005
3103,CN,2017-11-03,37.1,37.1,36.9618,37.085,8079,37.0875,-6.740815638683895e-05
3104,CN,2017-11-06,37.21,37.54,37.21,37.44,13691,37.085,0.009572603478495312
3105,CN,2017-11-07,37.7,37.7,37.66,37.69,5146,37.44,0.006677350427350515
3106,CN,2017-11-08,37.74,37.75,37.65,37.72,8029,37.69,0.0007959671000266066
3107,CN,2017-11-09,37.78,37.78,37.44,37.6954,8841,37.72,-0.0006521739130435078
3108,CN,2017-11-10,37.9022,37.99,37.8951,37.99,5785,37.6954,0.007815277195626136
3109,CN,2017-11-13,37.89,38.09,37.89,38.0598,13747,37.99,0.0018373256120032266
3110,CN,2017-11-14,37.94,37.94,37.6,37.6499,9741,38.0598,-0.010769893693608479
3111,CN,2017-11-15,37.28,37.46,37.19,37.38,6383,37.6499,-0.007168677738851881
3112,CN,2017-11-16,37.91,38.17,37.84,38.1072,12360,37.38,0.01945425361155695
3113,CN,2017-11-17,37.98,37.98,37.9357,37.9798,3505,38.1072,-0.0033432002351262424
3114,CN,2017-11-20,38.25,38.319,38.18,38.319,12402,37.9798,0.008931063354730817
3115,CN,2017-11-21,38.99,39.179,38.99,39.125,8662,38.319,0.02103395182546519
3116,CN,2017-11-22,39.16,39.16,39.0,39.11,10189,39.125,-0.0003833865814696358
3117,CN,2017-11-24,38.53,38.62,38.3901,38.559,38931,39.11,-0.014088468422398415
3118,CN,2017-11-27,38.12,38.12,37.9,37.94,28327,38.559,-0.016053320884877764
3119,CN,2017-11-28,38.07,38.14,37.96,38.12,20065,37.94,0.004744333157617353
3120,CN,2017-11-29,37.87,37.87,37.18,37.36,40876,38.12,-0.019937040923399763
3121,CN,2017-11-30,37.26,37.26,37.14,37.16,10267,37.36,-0.005353319057815886
3122,CN,2017-12-01,36.95,36.95,36.4,36.681,24888,37.16,-0.012890204520990323
3123,CN,2017-12-04,37.03,37.0698,36.71,36.75,10915,36.681,0.001881082849431559
3124,CN,2017-12-05,36.51,36.85,36.51,36.709,6466,36.75,-0.0011156462585033555
3125,CN,2017-12-06,36.01,36.21,36.0,36.17,28380,36.709,-0.01468304775395679
3126,CN,2017-12-07,35.93,36.25,35.93,36.1934,7148,36.17,0.0006469449820292184
3127,CN,2017-12-08,36.72,36.789,36.7114,36.7835,5567,36.1934,0.016304077538998873
3128,CN,2017-12-11,37.05,37.36,37.05,37.345,12259,36.7835,0.01526499653377189
3129,CN,2017-12-12,36.88,36.88,36.67,36.77,15141,37.345,-0.015396974159860632
3130,CN,2017-12-13,37.28,37.42,37.26,37.408,5633,36.77,0.01735110144139229
3131,CN,2017-12-14,37.03,37.14,37.03,37.055,6551,37.408,-0.009436484174508153
3132,CN,2017-12-15,36.69,36.88,36.69,36.81,6614,37.055,-0.00661179328025896
3133,CN,2017-12-18,36.93,37.08,36.93,37.029,6801,36.81,0.005949470252648803
3134,CN,2017-12-19,37.2026,37.2026,37.0481,37.0624,4634,37.029,0.0009019957330738126
3135,CN,2017-12-20,37.11,37.115,36.98,37.0802,11144,37.0624,0.00048027111034376624
3136,CN,2017-12-21,37.7,37.74,37.6338,37.7,5578,37.0802,0.016715120198920408
3137,CN,2017-12-22,37.71,37.78,37.68,37.78,7714,37.7,0.002122015915119402
3138,CN,2017-12-26,37.57,37.61,37.291,37.411,15673,37.78,-0.009767072525145526
3139,CN,2017-12-27,37.02,37.0867,36.86,36.89,82917,37.411,-0.013926385287749588
3140,CN,2017-12-28,37.28,37.35,37.12,37.13,32676,36.89,0.006505828137706837
3141,CN,2017-12-29,37.32,37.39,37.28,37.33,17439,37.13,0.005386479935362232
3142,CN,2018-01-02,38.15,38.26,38.02,38.26,36402,37.33,0.024912938655237138
3143,CN,2018-01-03,38.6,38.74,38.6,38.73,20643,38.26,0.012284370099320485
3144,CN,2018-01-04,38.88,39.04,38.001,38.9642,10073,38.73,0.006046991995868778
3145,CN,2018-01-05,39.08,39.21,39.01,39.21,5987,38.9642,0.006308354848810094
3146,CN,2018-01-08,39.3,39.3889,39.3,39.372,15334,39.21,0.004131599081866888
3147,CN,2018-01-09,39.47,39.47,39.251,39.35,7605,39.372,-0.0005587727318906444
3148,CN,2018-01-10,39.28,39.34,39.23,39.27,9583,39.35,-0.0020330368487928574
3149,CN,2018-01-11,39.29,39.5,39.29,39.46,3600,39.27,0.004838298955945897
3150,CN,2018-01-12,39.81,40.01,39.81,40.01,4097,39.46,0.013938165230613198
3151,CN,2018-01-16,40.08,40.27,39.76,39.8456,13663,40.01,-0.004108972756810769
3152,CN,2018-01-17,39.95,40.2615,39.95,40.23,7249,39.8456,0.00964723833999237
3153,CN,2018-01-18,40.21,40.3664,40.21,40.3089,3411,40.23,0.0019612229679344395
3154,CN,2018-01-19,40.58,40.79,40.58,40.79,4088,40.3089,0.011935329418565122
3155,CN,2018-01-22,41.03,41.135,40.88,41.135,3764,40.79,0.00845795538122096
3156,CN,2018-01-23,41.43,41.659,41.35,41.659,7554,41.135,0.012738543819132087
3157,CN,2018-01-24,41.9,42.04,41.8,41.86,5138,41.659,0.004824887779351306
3158,CN,2018-01-25,41.67,41.8228,41.4267,41.62,7024,41.86,-0.005733397037744892
3159,CN,2018-01-26,42.14,42.409,42.14,42.36,6434,41.62,0.01777991350312358
3160,CN,2018-01-29,41.65,41.65,41.37,41.5343,9734,42.36,-0.019492445703493844
3161,CN,2018-01-30,41.14,41.14,40.8002,40.9499,10750,41.5343,-0.014070298524352265
3162,CN,2018-01-31,41.53,41.53,41.24,41.3496,4330,40.9499,0.009760707596355722
3163,CN,2018-02-01,40.76,40.92,40.61,40.6703,24097,41.3496,-0.016428212122971075
3164,CN,2018-02-02,40.73,40.73,40.2,40.2001,6396,40.6703,-0.011561262149529239
3165,CN,2018-02-05,40.35,40.7407,38.19,39.29,15054,40.2001,-0.022639247166051812
3166,CN,2018-02-06,38.59,40.039,38.54,39.789,10188,39.29,0.01270043268007126
3167,CN,2018-02-07,38.54,38.8599,38.19,38.19,7655,39.789,-0.04018698635301221
3168,CN,2018-02-08,38.08,38.08,36.76,36.76,10649,38.19,-0.03744435716156058
3169,CN,2018-02-09,36.49,36.56,35.13,36.3739,17550,36.76,-0.010503264417845437
3170,CN,2018-02-12,36.97,37.32,36.87,37.32,5284,36.3739,0.026010408562183285
3171,CN,2018-02-13,37.31,37.6428,37.31,37.6428,11159,37.32,0.008649517684887531
3172,CN,2018-02-14,37.74,38.6,37.74,38.6,9620,37.6428,0.02542850159924348
3173,CN,2018-02-15,39.35,39.42,39.17,39.42,3762,38.6,0.021243523316062163
3174,CN,2018-02-16,39.42,39.6432,39.42,39.44,3948,39.42,0.0005073566717401778
3175,CN,2018-02-20,38.78,39.07,38.78,38.97,4586,39.44,-0.01191683569979718
3176,CN,2018-02-21,39.59,39.87,39.59,39.791,2276,38.97,0.021067487811136765
3177,CN,2018-02-22,39.45,39.53,39.2928,39.2928,2674,39.791,-0.012520419190269139
3178,CN,2018-02-23,39.48,39.7227,39.44,39.7227,3048,39.2928,0.010940935743953162
3179,CN,2018-02-26,39.98,40.2752,39.9084,40.2752,6761,39.7227,0.0139089236129466
3180,CN,2018-02-27,39.57,39.57,38.89,38.89,5516,40.2752,-0.034393373589702736
3181,CN,2018-02-28,38.89,38.9098,38.57,38.73,81797,38.89,-0.0041141681666239105
3182,CN,2018-03-01,39.01,39.08,38.325,38.51,11884,38.73,-0.005680351148980134
3183,CN,2018-03-02,38.0,38.5948,37.96,38.5948,2840,38.51,0.002202025447935574
3184,CN,2018-03-05,38.18,38.7432,38.18,38.7432,4364,38.5948,0.0038450775752174593
3185,CN,2018-03-06,39.19,39.2414,38.98,39.15,37742,38.7432,0.01049990708046833
3186,CN,2018-03-07,39.0,39.1327,38.83,39.1327,5441,39.15,-0.000441890166028025
3187,CN,2018-03-08,39.41,39.41,39.26,39.36,14128,39.1327,0.005808441533551312
3188,CN,2018-03-09,39.86,40.25,39.86,40.24,19270,39.36,0.022357723577235866
3189,CN,2018-03-12,40.35,40.35,40.215,40.296,5127,40.24,0.001391650099403563
3190,CN,2018-03-13,40.2757,40.2757,39.7759,39.7759,4283,40.296,-0.012906988286678578
3191,CN,2018-03-14,39.95,39.95,39.65,39.65,3500,39.7759,-0.0031652332191101085
3192,CN,2018-03-15,40.19,40.36,40.12,40.2,4089,39.65,0.013871374527112401
3193,CN,2018-03-16,40.05,40.07,40.03,40.069,3407,40.2,-0.0032587064676616873
3194,CN,2018-03-19,40.0,40.0,39.5801,39.5801,847,40.069,-0.012201452494447151
3195,CN,2018-03-20,40.2,40.32,40.2,40.27,1970,39.5801,0.017430476426284924
3196,CN,2018-03-21,39.79,39.901,39.7878,39.901,2660,40.27,-0.009163148745964689
3197,CN,2018-03-22,38.82,38.8675,38.3173,38.3173,10214,39.901,-0.03969073456805594
3198,CN,2018-03-23,38.0,38.0781,37.45,37.45,10310,38.3173,-0.022634684594165067
3199,CN,2018-03-26,38.34,38.519,38.07,38.519,8733,37.45,0.028544726301735546
3200,CN,2018-03-27,38.94,38.94,38.0595,38.06,8658,38.519,-0.01191619720138104
3201,CN,2018-03-28,37.78,37.78,37.49,37.613,8024,38.06,-0.011744613767735279
3202,CN,2018-03-29,38.258,38.56,38.258,38.49,5298,37.613,0.023316406561561198
3203,CN,2018-04-02,38.37,38.37,37.1516,37.4473,5920,38.49,-0.027090153286568053
3204,CN,2018-04-03,37.7719,38.0,37.6801,38.0,5990,37.4473,0.014759408555490072
3205,CN,2018-04-04,37.0,38.077,36.74,38.077,5427,38.0,0.002026315789473543
3206,CN,2018-04-05,38.24,38.33,38.1656,38.1656,6463,38.077,0.002326863986133354
3207,CN,2018-04-06,37.7302,37.89,37.1744,37.1744,6403,38.1656,-0.025971031504810616
3208,CN,2018-04-09,37.53,37.945,37.53,37.75,14149,37.1744,0.015483773779805476
3209,CN,2018-04-10,38.56,38.56,38.51,38.5489,1374,37.75,0.021162913907284864
3210,CN,2018-04-11,38.635,38.74,38.62,38.6217,7718,38.5489,0.0018885104373922434
3211,CN,2018-04-12,38.56,38.71,38.56,38.71,1785,38.6217,0.0022862794750102555
3212,CN,2018-04-13,38.23,38.23,37.84,37.84,3127,38.71,-0.022474812709894043
3213,CN,2018-04-16,37.42,37.58,37.42,37.55,2385,37.84,-0.0076638477801269644
3214,CN,2018-04-17,37.515,37.8,37.515,37.73,11556,37.55,0.004793608521970638
3215,CN,2018-04-18,37.4,37.72,37.4,37.72,1950,37.73,-0.00026504108136760074
3216,CN,2018-04-19,38.02,38.02,37.6572,37.76,11630,37.72,0.0010604453870626251
3217,CN,2018-04-20,37.229,37.229,37.02,37.0901,3694,37.76,-0.01774099576271182
3218,CN,2018-04-23,37.05,37.22,36.99,36.9963,11425,37.0901,-0.0025289767350317183
3219,CN,2018-04-24,37.7,37.79,37.3,37.41,9459,36.9963,0.011182199301011053
3220,CN,2018-04-25,37.21,37.21,36.92,37.12,6750,37.41,-0.007751937984496138
3221,CN,2018-04-26,37.05,37.22,37.02,37.22,3334,37.12,0.0026939655172413257
3222,CN,2018-04-27,37.13,37.26,36.971,37.2359,6625,37.22,0.0004271896829661781
3223,CN,2018-04-30,37.55,37.63,37.3348,37.3348,12795,37.2359,0.0026560389301721887
3224,CN,2018-05-01,37.15,37.235,36.96,37.235,4790,37.3348,-0.0026731092707072968
3225,CN,2018-05-02,37.38,37.38,37.08,37.1,8675,37.235,-0.0036256210554584944
3226,CN,2018-05-03,36.82,37.249,36.8083,37.2335,5602,37.1,0.0035983827493260012
3227,CN,2018-05-04,36.91,37.51,36.87,37.51,3047,37.2335,0.007426108209005244
3228,CN,2018-05-07,37.34,37.694,37.34,37.586,6113,37.51,0.0020261263663023943
3229,CN,2018-05-08,37.88,38.14,37.88,38.05,69310,37.586,0.012345022082690393
3230,CN,2018-05-09,38.2041,38.3,38.14,38.2799,5434,38.05,0.006042049934297022
3231,CN,2018-05-10,38.56,38.92,38.56,38.8802,3440,38.2799,0.015681859148012567
3232,CN,2018-05-11,38.7499,38.753,38.6777,38.6954,4291,38.8802,-0.004753061969845929
3233,CN,2018-05-14,39.09,39.205,39.09,39.1371,4353,38.6954,0.011414793489665342
3234,CN,2018-05-15,38.52,38.52,38.38,38.4161,1710,39.1371,-0.018422417603756958
3235,CN,2018-05-16,38.88,39.04,38.87,39.04,2596,38.4161,0.016240586629043596
3236,CN,2018-05-17,38.7799,38.7799,38.573,38.573,2848,39.04,-0.011962090163934347
3237,CN,2018-05-18,38.5664,38.58,38.5152,38.52,2010,38.573,-0.0013740180955590375
3238,CN,2018-05-21,39.0,39.0,38.83,38.87,5729,38.52,0.009086188992730948
3239,CN,2018-05-22,38.95,39.0,38.8119,38.83,5488,38.87,-0.0010290712631849663
3240,CN,2018-05-23,38.23,38.422,38.22,38.422,5167,38.83,-0.010507339685809969
3241,CN,2018-05-24,38.22,38.29,38.171,38.2402,5535,38.422,-0.004731664150746884
3242,CN,2018-05-25,38.06,38.1785,38.06,38.13,1572,38.2402,-0.0028817840910874137
3243,CN,2018-05-29,37.95,37.95,37.42,37.48,3803,38.13,-0.017046944662995167
3244,CN,2018-05-30,37.4866,37.68,37.4866,37.68,3264,37.48,0.005336179295624355
3245,CN,2018-05-31,37.91,38.01,37.86,37.9607,9444,37.68,0.007449575371549999
3246,CN,2018-06-01,38.13,38.319,38.13,38.2848,1803,37.9607,0.00853777722750082
3247,CN,2018-06-04,38.42,38.67,38.42,38.67,3074,38.2848,0.010061434302908845
3248,CN,2018-06-05,38.965,38.99,38.8567,38.8601,3092,38.67,0.004915955521075821
3249,CN,2018-06-06,39.05,39.3,39.0364,39.3,4104,38.8601,0.011320094389875246
3250,CN,2018-06-07,39.18,39.18,38.8454,38.8454,4618,39.3,-0.011567430025445247
3251,CN,2018-06-08,38.42,38.71,38.42,38.69,4848,38.8454,-0.004000473672558402
3252,CN,2018-06-11,38.7067,38.7464,38.6808,38.7344,1829,38.69,0.0011475833548721948
3253,CN,2018-06-12,38.8999,38.92,38.8275,38.87,4407,38.7344,0.0035007641786111154
3254,CN,2018-06-13,38.69,38.69,38.46,38.46,1801,38.87,-0.010547980447645933
3255,CN,2018-06-14,38.58,38.58,38.37,38.39,3525,38.46,-0.001820072802912076
3256,CN,2018-06-15,38.03,38.03,37.56,38.0,2857,38.39,-0.01015889554571503
3257,CN,2018-06-18,37.53,37.57,37.36,37.4678,7360,38.0,-0.014005263157894854
3258,CN,2018-06-19,36.64,36.671,36.38,36.6701,5559,37.4678,-0.02129028125483745
3259,CN,2018-06-20,36.806,36.83,36.7296,36.74,6719,36.6701,0.0019061851481181336
3260,CN,2018-06-21,36.47,36.47,36.04,36.04,3533,36.74,-0.01905280348394134
3261,CN,2018-06-22,36.42,36.4444,36.311,36.39,5953,36.04,0.009711431742508436
3262,CN,2018-06-25,35.89,35.89,35.2424,35.315,3528,36.39,-0.02954108271503164
3263,CN,2018-06-26,35.38,35.415,35.2151,35.3514,5327,35.315,0.0010307234886026695
3264,CN,2018-06-27,34.94,35.027,34.2401,34.2652,6849,35.3514,-0.030725798695384055
3265,CN,2018-06-28,34.22,34.3,34.13,34.288,34778,34.2652,0.0006653981298809786
3266,CN,2018-06-29,34.8,35.0996,34.8,35.025,4469,34.288,0.02149440037330841
3267,CN,2018-07-02,34.0,34.1087,33.945,34.05,9336,35.025,-0.027837259100642386
3268,CN,2018-07-03,34.6,34.6,34.2951,34.2951,2162,34.05,0.007198237885462477
3269,CN,2018-07-05,34.17,34.17,33.7216,33.8,12853,34.2951,-0.01443646468445936
3270,CN,2018-07-06,33.79,34.32,33.79,34.23,10260,33.8,0.012721893491124181
3271,CN,2018-07-09,34.68,35.119,34.68,35.08,5979,34.23,0.02483201869704943
3272,CN,2018-07-10,34.86,34.899,34.8156,34.86,2503,35.08,-0.006271379703534752
3273,CN,2018-07-11,34.51,34.51,34.359,34.359,869,34.86,-0.014371772805507721
3274,CN,2018-07-12,34.92,34.92,34.6927,34.78,3809,34.359,0.012252975930614918
3275,CN,2018-07-13,34.7,34.73,34.6403,34.6403,6046,34.78,-0.004016676250718776
3276,CN,2018-07-16,34.5,34.52,34.4784,34.52,747,34.6403,-0.0034728336648355285
3277,CN,2018-07-17,34.319,34.53,34.31,34.51,15856,34.52,-0.0002896871378912369
3278,CN,2018-07-18,34.24,34.3151,34.23,34.3151,2117,34.51,-0.005647638365691043
3279,CN,2018-07-19,33.78,33.9348,33.74,33.81,13025,34.3151,-0.014719467523043761
3280,CN,2018-07-20,34.37,34.38,34.32,34.3502,3362,33.81,0.015977521443359954
3281,CN,2018-07-23,34.22,34.3,34.192,34.3,10285,34.3502,-0.0014614179830103602
3282,CN,2018-07-24,35.06,35.12,34.98,35.01,3245,34.3,0.020699708454810617
3283,CN,2018-07-25,35.2399,35.4045,35.1383,35.4045,3637,35.01,0.011268209083119096
3284,CN,2018-07-26,34.7,34.92,34.7,34.8239,6713,35.4045,-0.01639904531909775
3285,CN,2018-07-27,34.8644,34.8699,34.5,34.5764,4182,34.8239,-0.007107187879588528
3286,CN,2018-07-30,34.68,34.68,34.3236,34.3297,3000,34.5764,-0.00713492439930119
3287,CN,2018-07-31,34.34,34.65,34.261,34.63,5533,34.3297,0.008747527650984521
3288,CN,2018-08-01,33.83,33.8893,33.5,33.58,15588,34.63,-0.030320531331215816
3289,CN,2018-08-02,32.86,33.06,32.81,33.06,56694,33.58,-0.01548540798094089
3290,CN,2018-08-03,32.9588,33.009,32.954,33.0052,4031,33.06,-0.001657592256503304
3291,CN,2018-08-06,32.46,32.57,32.46,32.54,4952,33.0052,-0.014094748706264593
3292,CN,2018-08-07,33.22,33.43,33.22,33.3789,5470,32.54,0.025780577750460942
3293,CN,2018-08-08,33.07,33.07,32.87,33.02,54159,33.3789,-0.010752301603707659
3294,CN,2018-08-09,33.52,33.7558,33.52,33.56,5500,33.02,0.016353725015142206
3295,CN,2018-08-10,33.06,33.2362,33.06,33.1007,3861,33.56,-0.013685935637663849
3296,CN,2018-08-13,33.11,33.15,32.9,32.9198,6326,33.1007,-0.005465141220578507
3297,CN,2018-08-14,32.68,32.68,32.492,32.65,5439,32.9198,-0.008195675550884407
3298,CN,2018-08-15,31.26,31.292,31.0,31.18,6211,32.65,-0.04502297090352214
3299,CN,2018-08-16,31.8599,32.001,31.7778,31.7778,16898,31.18,0.01917254650416922
3300,CN,2018-08-17,31.38,32.1086,31.38,32.1086,7362,31.7778,0.010409782930221878
3301,CN,2018-08-20,32.1199,32.24,32.0969,32.24,6184,32.1086,0.004092361547996415
3302,CN,2018-08-21,32.75,32.8,32.7364,32.77,4658,32.24,0.0164392059553351
3303,CN,2018-08-22,32.8,32.82,32.786,32.8164,2324,32.77,0.001415929203539834
3304,CN,2018-08-23,32.78,32.78,32.323,32.324,8824,32.8164,-0.015004692775563488
3305,CN,2018-08-24,32.51,32.8522,32.51,32.8052,4925,32.324,0.01488677143917827
3306,CN,2018-08-27,33.31,33.6365,33.31,33.616,1346,32.8052,0.024715593869264696
3307,CN,2018-08-28,33.56,33.56,33.293,33.3277,3506,33.616,-0.008576273203236506
3308,CN,2018-08-29,33.25,33.4377,33.25,33.4377,2297,33.3277,0.0033005577942673003
3309,CN,2018-08-30,32.93,32.93,32.41,32.41,2906,33.4377,-0.030734769436893128
3310,CN,2018-08-31,32.53,32.612,32.3826,32.612,6552,32.41,0.006232644245603325
3311,CN,2018-09-04,32.67,32.67,32.34,32.36,3934,32.612,-0.007727216975346618
3312,CN,2018-09-05,31.95,31.95,31.62,31.62,4618,32.36,-0.022867737948084055
3313,CN,2018-09-06,31.61,31.75,31.37,31.5461,6690,31.62,-0.0023371283997470904
3314,CN,2018-09-07,31.32,31.55,31.18,31.3217,6144,31.5461,-0.007113399120652009
3315,CN,2018-09-10,31.11,31.11,30.8943,30.91,4853,31.3217,-0.013144241851495875
3316,CN,2018-09-11,30.46,30.71,30.3,30.7,4221,30.91,-0.006793917825946294
3317,CN,2018-09-12,30.55,31.27,30.55,31.22,5022,30.7,0.01693811074918572
3318,CN,2018-09-13,31.58,31.76,31.58,31.76,5396,31.22,0.017296604740550947
3319,CN,2018-09-14,31.69,31.69,31.22,31.3217,6849,31.76,-0.013800377833753208
3320,CN,2018-09-17,31.2,31.2,30.961,31.01,4845,31.3217,-0.009951567124389715
3321,CN,2018-09-18,31.3,31.53,31.02,31.5129,3133,31.01,0.016217349242179768
3322,CN,2018-09-19,32.0,32.1627,32.0,32.15,739,31.5129,0.02021711743444743
3323,CN,2018-09-20,32.37,32.489,32.2664,32.4652,3453,32.15,0.009804043545878827
3324,CN,2018-09-21,32.88,32.98,32.86,32.86,3225,32.4652,0.01216071362566673
3325,CN,2018-09-24,32.54,32.54,32.3499,32.3793,3396,32.86,-0.014628727936701114
3326,CN,2018-09-25,32.48,32.49,32.44,32.49,1774,32.3793,0.0034188509325403516
3327,CN,2018-09-26,32.8203,33.0,32.8203,33.0,768,32.49,0.01569713758079394
3328,CN,2018-09-27,32.66,32.71,32.53,32.69,2612,33.0,-0.00939393939393951
3329,CN,2018-09-28,32.646,32.646,32.5258,32.5563,1911,32.69,-0.004089935760171248
3330,CN,2018-10-01,32.55,32.7014,32.55,32.6,5530,32.5563,0.001342290125106338
3331,CN,2018-10-02,32.04,32.04,31.8999,32.04,1127,32.6,-0.01717791411042957
3332,CN,2018-10-03,32.064,32.064,31.81,31.81,20069,32.04,-0.007178526841448152
3333,CN,2018-10-04,31.39,31.42,30.97,30.97,3869,31.81,-0.026406790317510254
3334,CN,2018-10-05,31.07,31.18,30.87,30.88,4459,30.97,-0.002906038101388453
3335,CN,2018-10-08,30.53,30.7536,30.45,30.7536,3954,30.88,-0.004093264248704709
3336,CN,2018-10-09,30.45,30.5668,30.45,30.5668,2053,30.7536,-0.006074085635502824
3337,CN,2018-10-10,30.0,30.01,29.6,29.7499,2789,30.5668,-0.026725074263580062
3338,CN,2018-10-11,29.31,29.452,28.96,29.45,6950,29.7499,-0.010080706153634211
3339,CN,2018-10-12,29.68,29.9607,29.68,29.9607,5335,29.45,0.017341256366723234
3340,CN,2018-10-15,29.417,29.62,29.417,29.599,8400,29.9607,-0.012072481617585673
3341,CN,2018-10-16,29.606,29.939,29.606,29.839,9900,29.599,0.008108382039933693
3342,CN,2018-10-17,29.65,29.67,29.46,29.5,4500,29.839,-0.01136097054190821
3343,CN,2018-10-18,29.02,29.02,28.6269,28.6269,4106,29.5,-0.029596610169491555
3344,CN,2018-10-19,29.43,29.56,29.19,29.26,6373,28.6269,0.022115562635143915
